1800,0.05,310.22,263.74,109.02,71.386,1.4344
1800.1,0.05,309.83,263.93,109.16,71.449,1.4348
1800.2,0.05,309.44,264.13,109.29,71.512,1.4351
1800.3,0.05,309.05,264.32,109.42,71.577,1.4354
1800.4,0.05,308.67,264.51,109.55,71.642,1.4357
1800.5,0.05,308.29,264.7,109.67,71.708,1.436
1800.6,0.05,307.92,264.89,109.79,71.774,1.4363
1800.7,0.05,307.54,265.09,109.9,71.842,1.4365
1800.8,0.05,307.17,265.28,110.01,71.91,1.4367
1800.9,0.05,306.81,265.47,110.12,71.978,1.4369
1801,0.05,306.44,265.66,110.23,72.048,1.4371
1801.1,0.05,306.08,265.85,110.33,72.118,1.4373
1801.2,0.05,305.72,266.04,110.43,72.188,1.4374
1801.3,0.05,305.37,266.23,110.52,72.259,1.4376
1801.4,0.05,305.01,266.42,110.61,72.331,1.4377
1801.5,0.05,304.67,266.61,110.7,72.403,1.4378
1801.6,0.05,304.32,266.79,110.79,72.475,1.4379
1801.7,0.05,303.97,266.98,110.87,72.548,1.4379
1801.8,0.05,303.63,267.17,110.96,72.622,1.438
1801.9,0.05,303.29,267.36,111.03,72.696,1.438
1802,0.05,302.96,267.55,111.11,72.77,1.438
1802.1,0.05,302.62,267.73,111.18,72.845,1.438
1802.2,0.05,302.29,267.92,111.25,72.92,1.438
1802.3,0.05,301.96,268.11,111.32,72.995,1.438
1802.4,0.05,301.64,268.29,111.38,73.071,1.438
1802.5,0.05,301.31,268.48,111.45,73.147,1.4379
1802.6,0.05,300.99,268.66,111.51,73.223,1.4378
1802.7,0.05,300.67,268.85,111.56,73.3,1.4377
1802.8,0.05,300.36,269.04,111.62,73.377,1.4377
1802.9,0.05,300.04,269.22,111.67,73.454,1.4375
1803,0.05,299.73,269.41,111.72,73.532,1.4374
1803.1,0.05,299.42,269.59,111.77,73.609,1.4373
1803.2,0.05,299.11,269.77,111.82,73.687,1.4371
1803.3,0.05,298.81,269.96,111.87,73.765,1.437
1803.4,0.05,298.5,270.14,111.91,73.843,1.4368
1803.5,0.05,298.2,270.33,111.95,73.922,1.4366
1803.6,0.05,297.9,270.51,111.99,74,1.4364
1803.7,0.05,297.6,270.69,112.02,74.079,1.4362
1803.8,0.05,297.31,270.87,112.06,74.158,1.436
1803.9,0.05,297.01,271.06,112.09,74.237,1.4358
1804,0.05,296.72,271.24,112.12,74.316,1.4356
1804.1,0.05,296.43,271.42,112.15,74.395,1.4353
1804.2,0.05,296.14,271.6,112.18,74.474,1.435
1804.3,0.05,295.86,271.78,112.21,74.554,1.4348
1804.4,0.05,295.57,271.97,112.23,74.633,1.4345
1804.5,0.05,295.29,272.15,112.25,74.713,1.4342
1804.6,0.05,295.01,272.33,112.27,74.792,1.4339
1804.7,0.05,294.73,272.51,112.29,74.871,1.4336
1804.8,0.05,294.46,272.69,112.31,74.951,1.4333
1804.9,0.05,294.18,272.87,112.33,75.03,1.4329
1805,0.05,293.91,273.05,112.34,75.11,1.4326
1805.1,0.05,293.63,273.23,112.36,75.189,1.4323
1805.2,0.05,293.36,273.41,112.37,75.269,1.4319
1805.3,0.05,293.1,273.59,112.38,75.348,1.4315
1805.4,0.05,292.83,273.77,112.39,75.428,1.4312
1805.5,0.05,292.56,273.94,112.4,75.507,1.4308
1805.6,0.05,292.3,274.12,112.4,75.586,1.4304
1805.7,0.05,292.04,274.3,112.41,75.666,1.43
1805.8,0.05,291.78,274.48,112.41,75.745,1.4296
1805.9,0.05,291.52,274.66,112.42,75.824,1.4292
1806,0.05,291.26,274.83,112.42,75.903,1.4288
1806.1,0.05,291.01,275.01,112.42,75.982,1.4283
1806.2,0.05,290.75,275.19,112.42,76.061,1.4279
1806.3,0.05,290.5,275.37,112.42,76.14,1.4275
1806.4,0.05,290.25,275.54,112.41,76.218,1.427
1806.5,0.05,290,275.72,112.41,76.297,1.4266
1806.6,0.05,289.75,275.9,112.4,76.375,1.4261
1806.7,0.05,289.5,276.07,112.4,76.453,1.4256
1806.8,0.05,289.25,276.25,112.39,76.532,1.4252
1806.9,0.05,289.01,276.42,112.38,76.61,1.4247
1807,0.05,288.77,276.6,112.37,76.687,1.4242
1807.1,0.05,288.52,276.77,112.36,76.765,1.4237
1807.2,0.05,288.28,276.95,112.35,76.843,1.4232
1807.3,0.05,288.04,277.12,112.34,76.92,1.4227
1807.4,0.05,287.81,277.3,112.33,76.997,1.4222
1807.5,0.05,287.57,277.47,112.32,77.074,1.4217
1807.6,0.05,287.33,277.65,112.3,77.151,1.4211
1807.7,0.05,287.1,277.82,112.29,77.228,1.4206
1807.8,0.05,286.87,278,112.27,77.304,1.4201
1807.9,0.05,286.63,278.17,112.25,77.381,1.4195
1808,0.05,286.4,278.34,112.23,77.457,1.419
1808.1,0.05,286.17,278.52,112.22,77.533,1.4184
1808.2,0.05,285.94,278.69,112.2,77.609,1.4179
1808.3,0.05,285.72,278.86,112.18,77.684,1.4173
1808.4,0.05,285.49,279.03,112.16,77.759,1.4167
1808.5,0.05,285.27,279.21,112.13,77.835,1.4162
1808.6,0.05,285.04,279.38,112.11,77.909,1.4156
1808.7,0.05,284.82,279.55,112.09,77.984,1.415
1808.8,0.05,284.6,279.72,112.07,78.059,1.4144
1808.9,0.05,284.38,279.89,112.04,78.133,1.4139
1809,0.05,284.16,280.07,112.02,78.207,1.4133
1809.1,0.05,283.94,280.24,111.99,78.281,1.4127
1809.2,0.05,283.72,280.41,111.97,78.354,1.4121
1809.3,0.05,283.5,280.58,111.94,78.428,1.4115
1809.4,0.05,283.29,280.75,111.91,78.501,1.4109
1809.5,0.05,283.07,280.92,111.88,78.573,1.4102
1809.6,0.05,282.86,281.09,111.86,78.646,1.4096
1809.7,0.05,282.65,281.26,111.83,78.718,1.409
1809.8,0.05,282.43,281.43,111.8,78.791,1.4084
1809.9,0.05,282.22,281.6,111.77,78.862,1.4078
1810,0.05,282.01,281.77,111.74,78.934,1.4071
1810.1,0.05,281.8,281.94,111.71,79.005,1.4065
1810.2,0.05,281.6,282.11,111.68,79.076,1.4059
1810.3,0.05,281.39,282.28,111.64,79.147,1.4052
1810.4,0.05,281.18,282.45,111.61,79.218,1.4046
1810.5,0.05,280.98,282.62,111.58,79.288,1.4039
1810.6,0.05,280.77,282.78,111.55,79.358,1.4033
1810.7,0.05,280.57,282.95,111.51,79.428,1.4026
1810.8,0.05,280.37,283.12,111.48,79.498,1.402
1810.9,0.05,280.17,283.29,111.44,79.567,1.4013
1811,0.05,279.96,283.46,111.41,79.636,1.4007
1811.1,0.05,279.76,283.62,111.37,79.705,1.4
1811.2,0.05,279.57,283.79,111.34,79.773,1.3993
1811.3,0.05,279.37,283.96,111.3,79.841,1.3987
1811.4,0.05,279.17,284.13,111.27,79.909,1.398
1811.5,0.05,278.97,284.29,111.23,79.977,1.3973
1811.6,0.05,278.78,284.46,111.19,80.044,1.3966
1811.7,0.05,278.58,284.63,111.15,80.111,1.396
1811.8,0.05,278.39,284.79,111.12,80.178,1.3953
1811.9,0.05,278.19,284.96,111.08,80.245,1.3946
1812,0.05,278,285.13,111.04,80.311,1.3939
1812.1,0.05,277.81,285.29,111,80.377,1.3932
1812.2,0.05,277.62,285.46,110.96,80.442,1.3925
1812.3,0.05,277.43,285.62,110.92,80.508,1.3919
1812.4,0.05,277.24,285.79,110.88,80.573,1.3912
1812.5,0.05,277.05,285.95,110.84,80.638,1.3905
1812.6,0.05,276.86,286.12,110.8,80.702,1.3898
1812.7,0.05,276.67,286.28,110.76,80.767,1.3891
1812.8,0.05,276.48,286.45,110.72,80.831,1.3884
1812.9,0.05,276.3,286.61,110.68,80.894,1.3877
1813,0.05,276.11,286.78,110.64,80.958,1.387
1813.1,0.05,275.93,286.94,110.6,81.021,1.3863
1813.2,0.05,275.74,287.11,110.56,81.084,1.3856
1813.3,0.05,275.56,287.27,110.51,81.146,1.3848
1813.4,0.05,275.38,287.43,110.47,81.209,1.3841
1813.5,0.05,275.19,287.6,110.43,81.271,1.3834
1813.6,0.05,275.01,287.76,110.39,81.332,1.3827
1813.7,0.05,274.83,287.92,110.34,81.394,1.382
1813.8,0.05,274.65,288.09,110.3,81.455,1.3813
1813.9,0.05,274.47,288.25,110.26,81.516,1.3806
1814,0.05,274.29,288.41,110.21,81.576,1.3799
1814.1,0.05,274.12,288.58,110.17,81.636,1.3791
1814.2,0.05,273.94,288.74,110.13,81.696,1.3784
1814.3,0.05,273.76,288.9,110.08,81.756,1.3777
1814.4,0.05,273.58,289.06,110.04,81.816,1.377
1814.5,0.05,273.41,289.22,110,81.875,1.3763
1814.6,0.05,273.23,289.39,109.95,81.933,1.3755
1814.7,0.05,273.06,289.55,109.91,81.992,1.3748
1814.8,0.05,272.88,289.71,109.86,82.05,1.3741
1814.9,0.05,272.71,289.87,109.82,82.108,1.3734
1815,0.05,272.54,290.03,109.77,82.166,1.3726
1815.1,0.05,272.37,290.19,109.73,82.223,1.3719
1815.2,0.05,272.19,290.35,109.68,82.28,1.3712
1815.3,0.05,272.02,290.52,109.64,82.337,1.3704
1815.4,0.05,271.85,290.68,109.59,82.394,1.3697
1815.5,0.05,271.68,290.84,109.54,82.45,1.369
1815.6,0.05,271.51,291,109.5,82.506,1.3682
1815.7,0.05,271.34,291.16,109.45,82.562,1.3675
1815.8,0.05,271.18,291.32,109.41,82.617,1.3668
1815.9,0.05,271.01,291.48,109.36,82.672,1.366
1816,0.05,270.84,291.64,109.31,82.727,1.3653
1816.1,0.05,270.67,291.8,109.27,82.781,1.3646
1816.2,0.05,270.51,291.96,109.22,82.836,1.3638
1816.3,0.05,270.34,292.11,109.18,82.89,1.3631
1816.4,0.05,270.18,292.27,109.13,82.943,1.3624
1816.5,0.05,270.01,292.43,109.08,82.997,1.3616
1816.6,0.05,269.85,292.59,109.04,83.05,1.3609
1816.7,0.05,269.69,292.75,108.99,83.103,1.3602
1816.8,0.05,269.52,292.91,108.94,83.155,1.3594
1816.9,0.05,269.36,293.07,108.9,83.208,1.3587
1817,0.05,269.2,293.23,108.85,83.26,1.3579
1817.1,0.05,269.04,293.38,108.8,83.311,1.3572
1817.2,0.05,268.88,293.54,108.75,83.363,1.3565
1817.3,0.05,268.72,293.7,108.71,83.414,1.3557
1817.4,0.05,268.56,293.86,108.66,83.465,1.355
1817.5,0.05,268.4,294.02,108.61,83.516,1.3543
1817.6,0.05,268.24,294.17,108.56,83.566,1.3535
1817.7,0.05,268.08,294.33,108.52,83.616,1.3528
1817.8,0.05,267.92,294.49,108.47,83.666,1.352
1817.9,0.05,267.76,294.64,108.42,83.715,1.3513
1818,0.05,267.61,294.8,108.37,83.765,1.3506
1818.1,0.05,267.45,294.96,108.33,83.814,1.3498
1818.2,0.05,267.29,295.11,108.28,83.862,1.3491
1818.3,0.05,267.14,295.27,108.23,83.911,1.3483
1818.4,0.05,266.98,295.43,108.18,83.959,1.3476
1818.5,0.05,266.83,295.58,108.14,84.007,1.3469
1818.6,0.05,266.67,295.74,108.09,84.055,1.3461
1818.7,0.05,266.52,295.89,108.04,84.102,1.3454
1818.8,0.05,266.36,296.05,107.99,84.149,1.3447
1818.9,0.05,266.21,296.21,107.95,84.196,1.3439
1819,0.05,266.06,296.36,107.9,84.242,1.3432
1819.1,0.05,265.91,296.52,107.85,84.289,1.3424
1819.2,0.05,265.75,296.67,107.8,84.335,1.3417
1819.3,0.05,265.6,296.83,107.75,84.381,1.341
1819.4,0.05,265.45,296.98,107.71,84.426,1.3402
1819.5,0.05,265.3,297.14,107.66,84.471,1.3395
1819.6,0.05,265.15,297.29,107.61,84.516,1.3388
1819.7,0.05,265,297.45,107.56,84.561,1.338
1819.8,0.05,264.85,297.6,107.51,84.606,1.3373
1819.9,0.05,264.7,297.75,107.47,84.65,1.3365
1820,0.05,264.55,297.91,107.42,84.694,1.3358
1820.1,0.05,264.4,298.06,107.37,84.737,1.3351
1820.2,0.05,264.26,298.22,107.32,84.781,1.3343
1820.3,0.05,264.11,298.37,107.27,84.824,1.3336
1820.4,0.05,263.96,298.52,107.23,84.867,1.3329
1820.5,0.05,263.81,298.68,107.18,84.91,1.3321
1820.6,0.05,263.67,298.83,107.13,84.952,1.3314
1820.7,0.05,263.52,298.98,107.08,84.994,1.3307
1820.8,0.05,263.38,299.14,107.03,85.036,1.3299
1820.9,0.05,263.23,299.29,106.99,85.078,1.3292
1821,0.05,263.09,299.44,106.94,85.119,1.3285
1821.1,0.05,262.94,299.59,106.89,85.161,1.3277
1821.2,0.05,262.8,299.75,106.84,85.201,1.327
1821.3,0.05,262.65,299.9,106.79,85.242,1.3263
1821.4,0.05,262.51,300.05,106.75,85.283,1.3255
1821.5,0.05,262.37,300.2,106.7,85.323,1.3248
1821.6,0.05,262.22,300.36,106.65,85.363,1.3241
1821.7,0.05,262.08,300.51,106.6,85.402,1.3234
1821.8,0.05,261.94,300.66,106.56,85.442,1.3226
1821.9,0.05,261.8,300.81,106.51,85.481,1.3219
1822,0.05,261.66,300.96,106.46,85.52,1.3212
1822.1,0.05,261.52,301.11,106.41,85.559,1.3204
1822.2,0.05,261.38,301.27,106.36,85.597,1.3197
1822.3,0.05,261.24,301.42,106.32,85.636,1.319
1822.4,0.05,261.1,301.57,106.27,85.674,1.3183
1822.5,0.05,260.96,301.72,106.22,85.711,1.3175
1822.6,0.05,260.82,301.87,106.17,85.749,1.3168
1822.7,0.05,260.68,302.02,106.13,85.786,1.3161
1822.8,0.05,260.54,302.17,106.08,85.823,1.3154
1822.9,0.05,260.4,302.32,106.03,85.86,1.3147
1823,0.05,260.26,302.47,105.98,85.897,1.3139
1823.1,0.05,260.13,302.62,105.94,85.933,1.3132
1823.2,0.05,259.99,302.77,105.89,85.969,1.3125
1823.3,0.05,259.85,302.92,105.84,86.005,1.3118
1823.4,0.05,259.72,303.07,105.79,86.041,1.3111
1823.5,0.05,259.58,303.22,105.75,86.076,1.3103
1823.6,0.05,259.44,303.37,105.7,86.112,1.3096
1823.7,0.05,259.31,303.52,105.65,86.147,1.3089
1823.8,0.05,259.17,303.67,105.6,86.182,1.3082
1823.9,0.05,259.04,303.82,105.56,86.216,1.3075
1824,0.05,258.9,303.97,105.51,86.25,1.3068
1824.1,0.05,258.77,304.11,105.46,86.285,1.306
1824.2,0.05,258.64,304.26,105.42,86.318,1.3053
1824.3,0.05,258.5,304.41,105.37,86.352,1.3046
1824.4,0.05,258.37,304.56,105.32,86.386,1.3039
1824.5,0.05,258.24,304.71,105.27,86.419,1.3032
1824.6,0.05,258.1,304.86,105.23,86.452,1.3025
1824.7,0.05,257.97,305,105.18,86.485,1.3018
1824.8,0.05,257.84,305.15,105.13,86.517,1.3011
1824.9,0.05,257.71,305.3,105.09,86.55,1.3004
1825,0.05,257.57,305.45,105.04,86.582,1.2997
1825.1,0.05,257.44,305.6,104.99,86.614,1.299
1825.2,0.05,257.31,305.74,104.95,86.645,1.2982
1825.3,0.05,257.18,305.89,104.9,86.677,1.2975
1825.4,0.05,257.05,306.04,104.85,86.708,1.2968
1825.5,0.05,256.92,306.18,104.81,86.739,1.2961
1825.6,0.05,256.79,306.33,104.76,86.77,1.2954
1825.7,0.05,256.66,306.48,104.71,86.801,1.2947
1825.8,0.05,256.53,306.63,104.67,86.831,1.294
1825.9,0.05,256.4,306.77,104.62,86.861,1.2933
1826,0.05,256.27,306.92,104.58,86.891,1.2926
1826.1,0.05,256.15,307.07,104.53,86.921,1.2919
1826.2,0.05,256.02,307.21,104.48,86.951,1.2912
1826.3,0.05,255.89,307.36,104.44,86.98,1.2905
1826.4,0.05,255.76,307.5,104.39,87.01,1.2899
1826.5,0.05,255.64,307.65,104.35,87.039,1.2892
1826.6,0.05,255.51,307.8,104.3,87.067,1.2885
1826.7,0.05,255.38,307.94,104.25,87.096,1.2878
1826.8,0.05,255.26,308.09,104.21,87.124,1.2871
1826.9,0.05,255.13,308.23,104.16,87.153,1.2864
1827,0.05,255,308.38,104.12,87.181,1.2857
1827.1,0.05,254.88,308.52,104.07,87.208,1.285
1827.2,0.05,254.75,308.67,104.02,87.236,1.2843
1827.3,0.05,254.63,308.81,103.98,87.264,1.2836
1827.4,0.05,254.5,308.96,103.93,87.291,1.283
1827.5,0.05,254.38,309.1,103.89,87.318,1.2823
1827.6,0.05,254.25,309.25,103.84,87.345,1.2816
1827.7,0.05,254.13,309.39,103.8,87.371,1.2809
1827.8,0.05,254.01,309.54,103.75,87.398,1.2802
1827.9,0.05,253.88,309.68,103.71,87.424,1.2795
1828,0.05,253.76,309.82,103.66,87.45,1.2789
1828.1,0.05,253.63,309.97,103.62,87.476,1.2782
1828.2,0.05,253.51,310.11,103.57,87.502,1.2775
1828.3,0.05,253.39,310.26,103.53,87.527,1.2768
1828.4,0.05,253.27,310.4,103.48,87.553,1.2761
1828.5,0.05,253.14,310.54,103.44,87.578,1.2755
1828.6,0.05,253.02,310.69,103.39,87.603,1.2748
1828.7,0.05,252.9,310.83,103.35,87.627,1.2741
1828.8,0.05,252.78,310.97,103.3,87.652,1.2734
1828.9,0.05,252.66,311.12,103.26,87.676,1.2728
1829,0.05,252.54,311.26,103.21,87.701,1.2721
1829.1,0.05,252.42,311.4,103.17,87.725,1.2714
1829.2,0.05,252.3,311.55,103.12,87.748,1.2708
1829.3,0.05,252.18,311.69,103.08,87.772,1.2701
1829.4,0.05,252.06,311.83,103.03,87.796,1.2694
1829.5,0.05,251.94,311.97,102.99,87.819,1.2687
1829.6,0.05,251.82,312.12,102.95,87.842,1.2681
1829.7,0.05,251.7,312.26,102.9,87.865,1.2674
1829.8,0.05,251.58,312.4,102.86,87.888,1.2667
1829.9,0.05,251.46,312.54,102.81,87.91,1.2661
1830,0.05,251.34,312.69,102.77,87.933,1.2654
1830.1,0.05,251.23,312.83,102.73,87.955,1.2648
1830.2,0.05,251.11,312.97,102.68,87.977,1.2641
1830.3,0.05,250.99,313.11,102.64,87.999,1.2634
1830.4,0.05,250.87,313.25,102.59,88.021,1.2628
1830.5,0.05,250.76,313.39,102.55,88.042,1.2621
1830.6,0.05,250.64,313.54,102.51,88.064,1.2615
1830.7,0.05,250.52,313.68,102.46,88.085,1.2608
1830.8,0.05,250.41,313.82,102.42,88.106,1.2602
1830.9,0.05,250.29,313.96,102.38,88.127,1.2595
1831,0.05,250.18,314.1,102.33,88.148,1.2588
1831.1,0.05,250.06,314.24,102.29,88.168,1.2582
1831.2,0.05,249.94,314.38,102.25,88.189,1.2575
1831.3,0.05,249.83,314.52,102.2,88.209,1.2569
1831.4,0.05,249.71,314.66,102.16,88.229,1.2562
1831.5,0.05,249.6,314.8,102.12,88.249,1.2556
1831.6,0.05,249.48,314.94,102.07,88.269,1.255
1831.7,0.05,249.37,315.08,102.03,88.288,1.2543
1831.8,0.05,249.25,315.22,101.99,88.307,1.2537
1831.9,0.05,249.14,315.36,101.94,88.327,1.253
1832,0.05,249.03,315.5,101.9,88.346,1.2524
1832.1,0.05,248.91,315.64,101.86,88.365,1.2517
1832.2,0.05,248.8,315.78,101.82,88.384,1.2511
1832.3,0.05,248.69,315.92,101.77,88.402,1.2504
1832.4,0.05,248.57,316.06,101.73,88.421,1.2498
1832.5,0.05,248.46,316.2,101.69,88.439,1.2492
1832.6,0.05,248.35,316.34,101.64,88.457,1.2485
1832.7,0.05,248.24,316.48,101.6,88.475,1.2479
1832.8,0.05,248.12,316.62,101.56,88.493,1.2473
1832.9,0.05,248.01,316.76,101.52,88.511,1.2466
1833,0.05,247.9,316.89,101.48,88.528,1.246
1833.1,0.05,247.79,317.03,101.43,88.545,1.2454
1833.2,0.05,247.68,317.17,101.39,88.563,1.2447
1833.3,0.05,247.57,317.31,101.35,88.58,1.2441
1833.4,0.05,247.46,317.45,101.31,88.597,1.2435
1833.5,0.05,247.34,317.59,101.27,88.613,1.2428
1833.6,0.05,247.23,317.72,101.22,88.63,1.2422
1833.7,0.05,247.12,317.86,101.18,88.646,1.2416
1833.8,0.05,247.01,318,101.14,88.663,1.241
1833.9,0.05,246.9,318.14,101.1,88.679,1.2403
1834,0.05,246.79,318.28,101.06,88.695,1.2397
1834.1,0.05,246.68,318.41,101.01,88.711,1.2391
1834.2,0.05,246.57,318.55,100.97,88.727,1.2385
1834.3,0.05,246.46,318.69,100.93,88.742,1.2378
1834.4,0.05,246.36,318.83,100.89,88.758,1.2372
1834.5,0.05,246.25,318.96,100.85,88.773,1.2366
1834.6,0.05,246.14,319.1,100.81,88.788,1.236
1834.7,0.05,246.03,319.24,100.77,88.803,1.2354
1834.8,0.05,245.92,319.37,100.73,88.818,1.2347
1834.9,0.05,245.81,319.51,100.68,88.833,1.2341
1835,0.05,245.71,319.65,100.64,88.847,1.2335
1835.1,0.05,245.6,319.78,100.6,88.862,1.2329
1835.2,0.05,245.49,319.92,100.56,88.876,1.2323
1835.3,0.05,245.38,320.06,100.52,88.89,1.2317
1835.4,0.05,245.28,320.19,100.48,88.904,1.2311
1835.5,0.05,245.17,320.33,100.44,88.918,1.2304
1835.6,0.05,245.06,320.47,100.4,88.932,1.2298
1835.7,0.05,244.96,320.6,100.36,88.946,1.2292
1835.8,0.05,244.85,320.74,100.32,88.959,1.2286
1835.9,0.05,244.74,320.87,100.28,88.972,1.228
1836,0.05,244.64,321.01,100.24,88.986,1.2274
1836.1,0.05,244.53,321.15,100.2,88.999,1.2268
1836.2,0.05,244.43,321.28,100.16,89.012,1.2262
1836.3,0.05,244.32,321.42,100.12,89.024,1.2256
1836.4,0.05,244.22,321.55,100.07,89.037,1.225
1836.5,0.05,244.11,321.69,100.03,89.05,1.2244
1836.6,0.05,244.01,321.82,99.995,89.062,1.2238
1836.7,0.05,243.9,321.96,99.955,89.074,1.2232
1836.8,0.05,243.8,322.09,99.915,89.087,1.2226
1836.9,0.05,243.7,322.23,99.875,89.099,1.222
1837,0.05,243.59,322.36,99.835,89.111,1.2214
1837.1,0.05,243.49,322.5,99.795,89.122,1.2208
1837.2,0.05,243.38,322.63,99.755,89.134,1.2202
1837.3,0.05,243.28,322.76,99.716,89.146,1.2196
1837.4,0.05,243.18,322.9,99.676,89.157,1.219
1837.5,0.05,243.07,323.03,99.636,89.168,1.2184
1837.6,0.05,242.97,323.17,99.597,89.179,1.2179
1837.7,0.05,242.87,323.3,99.557,89.19,1.2173
1837.8,0.05,242.77,323.44,99.518,89.201,1.2167
1837.9,0.05,242.66,323.57,99.479,89.212,1.2161
1838,0.05,242.56,323.7,99.44,89.223,1.2155
1838.1,0.05,242.46,323.84,99.4,89.233,1.2149
1838.2,0.05,242.36,323.97,99.361,89.244,1.2143
1838.3,0.05,242.25,324.1,99.322,89.254,1.2137
1838.4,0.05,242.15,324.24,99.283,89.264,1.2132
1838.5,0.05,242.05,324.37,99.244,89.274,1.2126
1838.6,0.05,241.95,324.5,99.205,89.284,1.212
1838.7,0.05,241.85,324.64,99.166,89.294,1.2114
1838.8,0.05,241.75,324.77,99.127,89.304,1.2108
1838.9,0.05,241.65,324.9,99.089,89.313,1.2103
1839,0.05,241.55,325.03,99.05,89.323,1.2097
1839.1,0.05,241.45,325.17,99.011,89.332,1.2091
1839.2,0.05,241.35,325.3,98.973,89.341,1.2085
1839.3,0.05,241.25,325.43,98.934,89.35,1.208
1839.4,0.05,241.15,325.57,98.896,89.359,1.2074
1839.5,0.05,241.05,325.7,98.857,89.368,1.2068
1839.6,0.05,240.95,325.83,98.819,89.377,1.2062
1839.7,0.05,240.85,325.96,98.781,89.386,1.2057
1839.8,0.05,240.75,326.09,98.743,89.394,1.2051
1839.9,0.05,240.65,326.23,98.704,89.403,1.2045
1840,0.05,240.55,326.36,98.666,89.411,1.2039
1840.1,0.05,240.45,326.49,98.628,89.419,1.2034
1840.2,0.05,240.35,326.62,98.59,89.427,1.2028
1840.3,0.05,240.25,326.75,98.552,89.435,1.2022
1840.4,0.05,240.16,326.88,98.514,89.443,1.2017
1840.5,0.05,240.06,327.02,98.476,89.451,1.2011
1840.6,0.05,239.96,327.15,98.439,89.459,1.2006
1840.7,0.05,239.86,327.28,98.401,89.466,1.2
1840.8,0.05,239.76,327.41,98.363,89.474,1.1994
1840.9,0.05,239.67,327.54,98.326,89.481,1.1989
1841,0.05,239.57,327.67,98.288,89.488,1.1983
1841.1,0.05,239.47,327.8,98.251,89.495,1.1978
1841.2,0.05,239.38,327.93,98.213,89.502,1.1972
1841.3,0.05,239.28,328.06,98.176,89.509,1.1966
1841.4,0.05,239.18,328.19,98.138,89.516,1.1961
1841.5,0.05,239.09,328.32,98.101,89.523,1.1955
1841.6,0.05,238.99,328.45,98.064,89.529,1.195
1841.7,0.05,238.89,328.58,98.027,89.536,1.1944
1841.8,0.05,238.8,328.71,97.99,89.542,1.1939
1841.9,0.05,238.7,328.84,97.953,89.548,1.1933
1842,0.05,238.61,328.97,97.916,89.555,1.1928
1842.1,0.05,238.51,329.1,97.879,89.561,1.1922
1842.2,0.05,238.41,329.23,97.842,89.567,1.1917
1842.3,0.05,238.32,329.36,97.805,89.573,1.1911
1842.4,0.05,238.22,329.49,97.768,89.578,1.1906
1842.5,0.05,238.13,329.62,97.731,89.584,1.19
1842.6,0.05,238.03,329.75,97.695,89.59,1.1895
1842.7,0.05,237.94,329.88,97.658,89.595,1.1889
1842.8,0.05,237.84,330.01,97.621,89.6,1.1884
1842.9,0.05,237.75,330.14,97.585,89.606,1.1878
1843,0.05,237.66,330.27,97.548,89.611,1.1873
1843.1,0.05,237.56,330.4,97.512,89.616,1.1867
1843.2,0.05,237.47,330.53,97.476,89.621,1.1862
1843.3,0.05,237.37,330.66,97.439,89.626,1.1857
1843.4,0.05,237.28,330.78,97.403,89.631,1.1851
1843.5,0.05,237.19,330.91,97.367,89.635,1.1846
1843.6,0.05,237.09,331.04,97.331,89.64,1.1841
1843.7,0.05,237,331.17,97.295,89.645,1.1835
1843.8,0.05,236.91,331.3,97.259,89.649,1.183
1843.9,0.05,236.81,331.43,97.223,89.653,1.1824
1844,0.05,236.72,331.56,97.187,89.658,1.1819
1844.1,0.05,236.63,331.68,97.151,89.662,1.1814
1844.2,0.05,236.54,331.81,97.115,89.666,1.1808
1844.3,0.05,236.44,331.94,97.079,89.67,1.1803
1844.4,0.05,236.35,332.07,97.043,89.674,1.1798
1844.5,0.05,236.26,332.19,97.008,89.677,1.1792
1844.6,0.05,236.17,332.32,96.972,89.681,1.1787
1844.7,0.05,236.08,332.45,96.937,89.685,1.1782
1844.8,0.05,235.98,332.58,96.901,89.688,1.1777
1844.9,0.05,235.89,332.7,96.866,89.692,1.1771
1845,0.05,235.8,332.83,96.83,89.695,1.1766
1845.1,0.05,235.71,332.96,96.795,89.698,1.1761
1845.2,0.05,235.62,333.09,96.759,89.701,1.1756
1845.3,0.05,235.53,333.21,96.724,89.704,1.175
1845.4,0.05,235.44,333.34,96.689,89.707,1.1745
1845.5,0.05,235.35,333.47,96.654,89.71,1.174
1845.6,0.05,235.26,333.59,96.619,89.713,1.1735
1845.7,0.05,235.17,333.72,96.584,89.716,1.1729
1845.8,0.05,235.08,333.85,96.549,89.718,1.1724
1845.9,0.05,234.99,333.97,96.514,89.721,1.1719
1846,0.05,234.9,334.1,96.479,89.723,1.1714
1846.1,0.05,234.81,334.23,96.444,89.726,1.1709
1846.2,0.05,234.72,334.35,96.409,89.728,1.1704
1846.3,0.05,234.63,334.48,96.374,89.73,1.1698
1846.4,0.05,234.54,334.61,96.34,89.732,1.1693
1846.5,0.05,234.45,334.73,96.305,89.734,1.1688
1846.6,0.05,234.36,334.86,96.27,89.736,1.1683
1846.7,0.05,234.27,334.98,96.236,89.738,1.1678
1846.8,0.05,234.18,335.11,96.201,89.74,1.1673
1846.9,0.05,234.1,335.23,96.167,89.742,1.1668
1847,0.05,234.01,335.36,96.133,89.743,1.1663
1847.1,0.05,233.92,335.49,96.098,89.745,1.1657
1847.2,0.05,233.83,335.61,96.064,89.746,1.1652
1847.3,0.05,233.74,335.74,96.03,89.748,1.1647
1847.4,0.05,233.65,335.86,95.995,89.749,1.1642
1847.5,0.05,233.57,335.99,95.961,89.75,1.1637
1847.6,0.05,233.48,336.11,95.927,89.752,1.1632
1847.7,0.05,233.39,336.24,95.893,89.753,1.1627
1847.8,0.05,233.3,336.36,95.859,89.754,1.1622
1847.9,0.05,233.22,336.49,95.825,89.755,1.1617
1848,0.05,233.13,336.61,95.791,89.755,1.1612
1848.1,0.05,233.04,336.74,95.757,89.756,1.1607
1848.2,0.05,232.95,336.86,95.724,89.757,1.1602
1848.3,0.05,232.87,336.98,95.69,89.758,1.1597
1848.4,0.05,232.78,337.11,95.656,89.758,1.1592
1848.5,0.05,232.69,337.23,95.623,89.759,1.1587
1848.6,0.05,232.61,337.36,95.589,89.759,1.1582
1848.7,0.05,232.52,337.48,95.555,89.759,1.1577
1848.8,0.05,232.44,337.61,95.522,89.76,1.1572
1848.9,0.05,232.35,337.73,95.488,89.76,1.1567
1849,0.05,232.26,337.85,95.455,89.76,1.1562
1849.1,0.05,232.18,337.98,95.422,89.76,1.1557
1849.2,0.05,232.09,338.1,95.388,89.76,1.1552
1849.3,0.05,232.01,338.23,95.355,89.76,1.1547
1849.4,0.05,231.92,338.35,95.322,89.759,1.1542
1849.5,0.05,231.84,338.47,95.289,89.759,1.1538
1849.6,0.05,231.75,338.6,95.255,89.759,1.1533
1849.7,0.05,231.67,338.72,95.222,89.758,1.1528
1849.8,0.05,231.58,338.84,95.189,89.758,1.1523
1849.9,0.05,231.5,338.97,95.156,89.757,1.1518
1850,0.05,231.41,339.09,95.123,89.757,1.1513
1850.1,0.05,231.33,339.21,95.09,89.756,1.1508
1850.2,0.05,231.25,339.33,95.058,89.755,1.1503
1850.3,0.05,231.16,339.46,95.025,89.755,1.1499
1850.4,0.05,231.08,339.58,94.992,89.754,1.1494
1850.5,0.05,230.99,339.7,94.959,89.753,1.1489
1850.6,0.05,230.91,339.83,94.927,89.752,1.1484
1850.7,0.05,230.83,339.95,94.894,89.751,1.1479
1850.8,0.05,230.74,340.07,94.861,89.749,1.1474
1850.9,0.05,230.66,340.19,94.829,89.748,1.147
1851,0.05,230.58,340.31,94.796,89.747,1.1465
1851.1,0.05,230.49,340.44,94.764,89.745,1.146
1851.2,0.05,230.41,340.56,94.732,89.744,1.1455
1851.3,0.05,230.33,340.68,94.699,89.743,1.145
1851.4,0.05,230.24,340.8,94.667,89.741,1.1446
1851.5,0.05,230.16,340.92,94.635,89.739,1.1441
1851.6,0.05,230.08,341.05,94.603,89.738,1.1436
1851.7,0.05,230,341.17,94.57,89.736,1.1431
1851.8,0.05,229.91,341.29,94.538,89.734,1.1427
1851.9,0.05,229.83,341.41,94.506,89.732,1.1422
1852,0.05,229.75,341.53,94.474,89.73,1.1417
1852.1,0.05,229.67,341.65,94.442,89.728,1.1412
1852.2,0.05,229.59,341.78,94.41,89.726,1.1408
1852.3,0.05,229.5,341.9,94.378,89.724,1.1403
1852.4,0.05,229.42,342.02,94.347,89.722,1.1398
1852.5,0.05,229.34,342.14,94.315,89.72,1.1394
1852.6,0.05,229.26,342.26,94.283,89.717,1.1389
1852.7,0.05,229.18,342.38,94.251,89.715,1.1384
1852.8,0.05,229.1,342.5,94.22,89.712,1.138
1852.9,0.05,229.02,342.62,94.188,89.71,1.1375
1853,0.05,228.93,342.74,94.156,89.707,1.137
1853.1,0.05,228.85,342.86,94.125,89.705,1.1366
1853.2,0.05,228.77,342.98,94.093,89.702,1.1361
1853.3,0.05,228.69,343.1,94.062,89.699,1.1356
1853.4,0.05,228.61,343.23,94.031,89.696,1.1352
1853.5,0.05,228.53,343.35,93.999,89.694,1.1347
1853.6,0.05,228.45,343.47,93.968,89.691,1.1342
1853.7,0.05,228.37,343.59,93.937,89.688,1.1338
1853.8,0.05,228.29,343.71,93.905,89.685,1.1333
1853.9,0.05,228.21,343.83,93.874,89.681,1.1329
1854,0.05,228.14,343.95,93.843,89.678,1.1324
1854.1,0.05,228.06,344.07,93.812,89.675,1.132
1854.2,0.05,227.98,344.19,93.781,89.672,1.1315
1854.3,0.05,227.9,344.3,93.75,89.669,1.131
1854.4,0.05,227.82,344.42,93.719,89.665,1.1306
1854.5,0.05,227.74,344.54,93.688,89.662,1.1301
1854.6,0.05,227.66,344.66,93.657,89.658,1.1297
1854.7,0.05,227.58,344.78,93.627,89.655,1.1292
1854.8,0.05,227.51,344.9,93.596,89.651,1.1288
1854.9,0.05,227.43,345.02,93.565,89.647,1.1283
1855,0.05,227.35,345.14,93.534,89.644,1.1279
1855.1,0.05,227.27,345.26,93.504,89.64,1.1274
1855.2,0.05,227.19,345.38,93.473,89.636,1.127
1855.3,0.05,227.12,345.5,93.443,89.632,1.1265
1855.4,0.05,227.04,345.62,93.412,89.628,1.1261
1855.5,0.05,226.96,345.73,93.382,89.624,1.1256
1855.6,0.05,226.89,345.85,93.351,89.62,1.1252
1855.7,0.05,226.81,345.97,93.321,89.616,1.1247
1855.8,0.05,226.73,346.09,93.291,89.612,1.1243
1855.9,0.05,226.65,346.21,93.26,89.608,1.1238
1856,0.05,226.58,346.33,93.23,89.604,1.1234
1856.1,0.05,226.5,346.45,93.2,89.599,1.1229
1856.2,0.05,226.42,346.56,93.17,89.595,1.1225
1856.3,0.05,226.35,346.68,93.14,89.59,1.1221
1856.4,0.05,226.27,346.8,93.11,89.586,1.1216
1856.5,0.05,226.2,346.92,93.08,89.581,1.1212
1856.6,0.05,226.12,347.04,93.05,89.577,1.1207
1856.7,0.05,226.04,347.15,93.02,89.572,1.1203
1856.8,0.05,225.97,347.27,92.99,89.568,1.1198
1856.9,0.05,225.89,347.39,92.96,89.563,1.1194
1857,0.05,225.82,347.51,92.93,89.558,1.119
1857.1,0.05,225.74,347.62,92.9,89.553,1.1185
1857.2,0.05,225.66,347.74,92.871,89.549,1.1181
1857.3,0.05,225.59,347.86,92.841,89.544,1.1177
1857.4,0.05,225.51,347.98,92.811,89.539,1.1172
1857.5,0.05,225.44,348.09,92.782,89.534,1.1168
1857.6,0.05,225.36,348.21,92.752,89.529,1.1164
1857.7,0.05,225.29,348.33,92.723,89.524,1.1159
1857.8,0.05,225.21,348.45,92.693,89.518,1.1155
1857.9,0.05,225.14,348.56,92.664,89.513,1.1151
1858,0.05,225.06,348.68,92.634,89.508,1.1146
1858.1,0.05,224.99,348.8,92.605,89.503,1.1142
1858.2,0.05,224.91,348.91,92.576,89.497,1.1138
1858.3,0.05,224.84,349.03,92.547,89.492,1.1133
1858.4,0.05,224.77,349.15,92.517,89.487,1.1129
1858.5,0.05,224.69,349.26,92.488,89.481,1.1125
1858.6,0.05,224.62,349.38,92.459,89.476,1.112
1858.7,0.05,224.54,349.5,92.43,89.47,1.1116
1858.8,0.05,224.47,349.61,92.401,89.464,1.1112
1858.9,0.05,224.4,349.73,92.372,89.459,1.1108
1859,0.05,224.32,349.84,92.343,89.453,1.1103
1859.1,0.05,224.25,349.96,92.314,89.447,1.1099
1859.2,0.05,224.17,350.08,92.285,89.442,1.1095
1859.3,0.05,224.1,350.19,92.256,89.436,1.1091
1859.4,0.05,224.03,350.31,92.227,89.43,1.1086
1859.5,0.05,223.96,350.42,92.199,89.424,1.1082
1859.6,0.05,223.88,350.54,92.17,89.418,1.1078
1859.7,0.05,223.81,350.65,92.141,89.412,1.1074
1859.8,0.05,223.74,350.77,92.113,89.406,1.107
1859.9,0.05,223.67,350.89,92.084,89.4,1.1065
1860,0.05,223.59,351,92.055,89.394,1.1061
1860.1,0.05,223.52,351.12,92.027,89.388,1.1057
1860.2,0.05,223.45,351.23,91.998,89.382,1.1053
1860.3,0.05,223.38,351.35,91.97,89.375,1.1049
1860.4,0.05,223.31,351.46,91.942,89.369,1.1045
1860.5,0.05,223.23,351.58,91.913,89.363,1.104
1860.6,0.05,223.16,351.69,91.885,89.356,1.1036
1860.7,0.05,223.09,351.81,91.857,89.35,1.1032
1860.8,0.05,223.02,351.92,91.828,89.343,1.1028
1860.9,0.05,222.95,352.04,91.8,89.337,1.1024
1861,0.05,222.88,352.15,91.772,89.33,1.102
1861.1,0.05,222.81,352.27,91.744,89.324,1.1016
1861.2,0.05,222.74,352.38,91.716,89.317,1.1011
1861.3,0.05,222.67,352.5,91.688,89.311,1.1007
1861.4,0.05,222.59,352.61,91.66,89.304,1.1003
1861.5,0.05,222.52,352.72,91.632,89.297,1.0999
1861.6,0.05,222.45,352.84,91.604,89.29,1.0995
1861.7,0.05,222.38,352.95,91.576,89.284,1.0991
1861.8,0.05,222.31,353.07,91.548,89.277,1.0987
1861.9,0.05,222.24,353.18,91.521,89.27,1.0983
1862,0.05,222.17,353.3,91.493,89.263,1.0979
1862.1,0.05,222.1,353.41,91.465,89.256,1.0975
1862.2,0.05,222.03,353.52,91.437,89.249,1.0971
1862.3,0.05,221.96,353.64,91.41,89.242,1.0967
1862.4,0.05,221.89,353.75,91.382,89.235,1.0963
1862.5,0.05,221.82,353.86,91.355,89.228,1.0959
1862.6,0.05,221.75,353.98,91.327,89.221,1.0955
1862.7,0.05,221.69,354.09,91.3,89.214,1.0951
1862.8,0.05,221.62,354.2,91.272,89.206,1.0946
1862.9,0.05,221.55,354.32,91.245,89.199,1.0942
1863,0.05,221.48,354.43,91.217,89.192,1.0938
1863.1,0.05,221.41,354.54,91.19,89.185,1.0934
1863.2,0.05,221.34,354.66,91.163,89.177,1.093
1863.3,0.05,221.27,354.77,91.136,89.17,1.0927
1863.4,0.05,221.2,354.88,91.108,89.162,1.0923
1863.5,0.05,221.14,355,91.081,89.155,1.0919
1863.6,0.05,221.07,355.11,91.054,89.147,1.0915
1863.7,0.05,221,355.22,91.027,89.14,1.0911
1863.8,0.05,220.93,355.34,91,89.132,1.0907
1863.9,0.05,220.86,355.45,90.973,89.125,1.0903
1864,0.05,220.8,355.56,90.946,89.117,1.0899
1864.1,0.05,220.73,355.67,90.919,89.109,1.0895
1864.2,0.05,220.66,355.79,90.892,89.102,1.0891
1864.3,0.05,220.6,355.9,90.865,89.094,1.0887
1864.4,0.05,220.53,356.01,90.839,89.086,1.0883
1864.5,0.05,220.46,356.12,90.812,89.079,1.0879
1864.6,0.05,220.4,356.24,90.785,89.071,1.0875
1864.7,0.05,220.33,356.35,90.759,89.063,1.0871
1864.8,0.05,220.26,356.46,90.732,89.055,1.0867
1864.9,0.05,220.2,356.57,90.705,89.047,1.0864
1865,0.05,220.13,356.68,90.679,89.039,1.086
1865.1,0.05,220.06,356.8,90.652,89.031,1.0856
1865.2,0.05,220,356.91,90.626,89.023,1.0852
1865.3,0.05,219.93,357.02,90.599,89.015,1.0848
1865.4,0.05,219.87,357.13,90.573,89.007,1.0844
1865.5,0.05,219.8,357.24,90.547,88.999,1.084
1865.6,0.05,219.73,357.35,90.52,88.991,1.0837
1865.7,0.05,219.67,357.47,90.494,88.983,1.0833
1865.8,0.05,219.6,357.58,90.468,88.974,1.0829
1865.9,0.05,219.54,357.69,90.442,88.966,1.0825
1866,0.05,219.47,357.8,90.415,88.958,1.0821
1866.1,0.05,219.41,357.91,90.389,88.95,1.0817
1866.2,0.05,219.34,358.02,90.363,88.941,1.0814
1866.3,0.05,219.28,358.13,90.337,88.933,1.081
1866.4,0.05,219.21,358.24,90.311,88.925,1.0806
1866.5,0.05,219.15,358.36,90.285,88.916,1.0802
1866.6,0.05,219.08,358.47,90.259,88.908,1.0798
1866.7,0.05,219.02,358.58,90.233,88.899,1.0795
1866.8,0.05,218.95,358.69,90.208,88.891,1.0791
1866.9,0.05,218.89,358.8,90.182,88.882,1.0787
1867,0.05,218.83,358.91,90.156,88.874,1.0783
1867.1,0.05,218.76,359.02,90.13,88.865,1.078
1867.2,0.05,218.7,359.13,90.105,88.857,1.0776
1867.3,0.05,218.63,359.24,90.079,88.848,1.0772
1867.4,0.05,218.57,359.35,90.053,88.839,1.0768
1867.5,0.05,218.51,359.46,90.028,88.831,1.0765
1867.6,0.05,218.44,359.57,90.002,88.822,1.0761
1867.7,0.05,218.38,359.68,89.977,88.813,1.0757
1867.8,0.05,218.32,359.79,89.951,88.804,1.0753
1867.9,0.05,218.25,359.9,89.926,88.796,1.075
1868,0.05,218.19,360.01,89.901,88.787,1.0746
1868.1,0.05,218.13,360.12,89.875,88.778,1.0742
1868.2,0.05,218.07,360.23,89.85,88.769,1.0739
1868.3,0.05,218,360.34,89.825,88.76,1.0735
1868.4,0.05,217.94,360.45,89.8,88.751,1.0731
1868.5,0.05,217.88,360.56,89.774,88.742,1.0728
1868.6,0.05,217.82,360.67,89.749,88.733,1.0724
1868.7,0.05,217.75,360.78,89.724,88.724,1.072
1868.8,0.05,217.69,360.89,89.699,88.715,1.0717
1868.9,0.05,217.63,361,89.674,88.706,1.0713
1869,0.05,217.57,361.11,89.649,88.697,1.0709
1869.1,0.05,217.5,361.22,89.624,88.688,1.0706
1869.2,0.05,217.44,361.33,89.599,88.679,1.0702
1869.3,0.05,217.38,361.44,89.574,88.67,1.0698
1869.4,0.05,217.32,361.55,89.549,88.661,1.0695
1869.5,0.05,217.26,361.66,89.525,88.652,1.0691
1869.6,0.05,217.2,361.77,89.5,88.643,1.0688
1869.7,0.05,217.14,361.87,89.475,88.633,1.0684
1869.8,0.05,217.08,361.98,89.451,88.624,1.068
1869.9,0.05,217.01,362.09,89.426,88.615,1.0677
1870,0.05,216.95,362.2,89.401,88.605,1.0673
1870.1,0.05,216.89,362.31,89.377,88.596,1.067
1870.2,0.05,216.83,362.42,89.352,88.587,1.0666
1870.3,0.05,216.77,362.53,89.328,88.577,1.0662
1870.4,0.05,216.71,362.64,89.303,88.568,1.0659
1870.5,0.05,216.65,362.74,89.279,88.559,1.0655
1870.6,0.05,216.59,362.85,89.254,88.549,1.0652
1870.7,0.05,216.53,362.96,89.23,88.54,1.0648
1870.8,0.05,216.47,363.07,89.206,88.53,1.0645
1870.9,0.05,216.41,363.18,89.182,88.521,1.0641
1871,0.05,216.35,363.28,89.157,88.511,1.0638
1871.1,0.05,216.29,363.39,89.133,88.502,1.0634
1871.2,0.05,216.23,363.5,89.109,88.492,1.0631
1871.3,0.05,216.17,363.61,89.085,88.483,1.0627
1871.4,0.05,216.11,363.72,89.061,88.473,1.0624
1871.5,0.05,216.06,363.82,89.037,88.463,1.062
1871.6,0.05,216,363.93,89.013,88.454,1.0617
1871.7,0.05,215.94,364.04,88.989,88.444,1.0613
1871.8,0.05,215.88,364.15,88.965,88.434,1.061
1871.9,0.05,215.82,364.26,88.941,88.425,1.0606
1872,0.05,215.77,364.36,88.917,88.415,1.0603
1872.1,0.05,215.71,364.47,88.893,88.405,1.0599
1872.2,0.05,215.65,364.58,88.87,88.395,1.0596
1872.3,0.05,215.59,364.69,88.846,88.386,1.0592
1872.4,0.05,215.54,364.79,88.822,88.376,1.0589
1872.5,0.05,215.48,364.9,88.799,88.366,1.0585
1872.6,0.05,215.42,365.01,88.775,88.356,1.0582
1872.7,0.05,215.37,365.11,88.752,88.346,1.0579
1872.8,0.05,215.31,365.22,88.728,88.337,1.0575
1872.9,0.05,215.25,365.33,88.705,88.327,1.0572
1873,0.05,215.2,365.44,88.681,88.317,1.0568
1873.1,0.05,215.14,365.54,88.658,88.307,1.0565
1873.2,0.05,215.08,365.65,88.635,88.297,1.0562
1873.3,0.05,215.03,365.76,88.611,88.287,1.0558
1873.4,0.05,214.97,365.86,88.588,88.277,1.0555
1873.5,0.05,214.91,365.97,88.565,88.267,1.0551
1873.6,0.05,214.86,366.08,88.542,88.257,1.0548
1873.7,0.05,214.8,366.18,88.519,88.247,1.0545
1873.8,0.05,214.75,366.29,88.495,88.237,1.0541
1873.9,0.05,214.69,366.4,88.472,88.227,1.0538
1874,0.05,214.63,366.5,88.449,88.217,1.0535
1874.1,0.05,214.58,366.61,88.426,88.207,1.0531
1874.2,0.05,214.52,366.71,88.403,88.196,1.0528
1874.3,0.05,214.46,366.82,88.381,88.186,1.0525
1874.4,0.05,214.41,366.93,88.358,88.176,1.0521
1874.5,0.05,214.35,367.03,88.335,88.166,1.0518
1874.6,0.05,214.29,367.14,88.312,88.156,1.0515
1874.7,0.05,214.24,367.25,88.289,88.146,1.0511
1874.8,0.05,214.18,367.35,88.266,88.135,1.0508
1874.9,0.05,214.13,367.46,88.244,88.125,1.0505
1875,0.05,214.07,367.56,88.221,88.115,1.0501
1875.1,0.05,214.02,367.67,88.199,88.105,1.0498
1875.2,0.05,213.96,367.77,88.176,88.094,1.0495
1875.3,0.05,213.91,367.88,88.153,88.084,1.0491
1875.4,0.05,213.85,367.99,88.131,88.074,1.0488
1875.5,0.05,213.8,368.09,88.108,88.064,1.0485
1875.6,0.05,213.74,368.2,88.086,88.053,1.0482
1875.7,0.05,213.69,368.3,88.064,88.043,1.0478
1875.8,0.05,213.63,368.41,88.041,88.033,1.0475
1875.9,0.05,213.58,368.51,88.019,88.022,1.0472
1876,0.05,213.53,368.62,87.997,88.012,1.0469
1876.1,0.05,213.47,368.72,87.974,88.001,1.0465
1876.2,0.05,213.42,368.83,87.952,87.991,1.0462
1876.3,0.05,213.36,368.93,87.93,87.981,1.0459
1876.4,0.05,213.31,369.04,87.908,87.97,1.0456
1876.5,0.05,213.25,369.14,87.886,87.96,1.0453
1876.6,0.05,213.2,369.25,87.864,87.949,1.0449
1876.7,0.05,213.15,369.35,87.842,87.939,1.0446
1876.8,0.05,213.09,369.46,87.82,87.928,1.0443
1876.9,0.05,213.04,369.56,87.798,87.918,1.044
1877,0.05,212.98,369.67,87.776,87.907,1.0437
1877.1,0.05,212.93,369.77,87.754,87.897,1.0433
1877.2,0.05,212.88,369.88,87.732,87.886,1.043
1877.3,0.05,212.82,369.98,87.71,87.876,1.0427
1877.4,0.05,212.77,370.09,87.688,87.865,1.0424
1877.5,0.05,212.72,370.19,87.666,87.854,1.0421
1877.6,0.05,212.66,370.29,87.645,87.844,1.0418
1877.7,0.05,212.61,370.4,87.623,87.833,1.0414
1877.8,0.05,212.56,370.5,87.601,87.823,1.0411
1877.9,0.05,212.5,370.61,87.58,87.812,1.0408
1878,0.05,212.45,370.71,87.558,87.801,1.0405
1878.1,0.05,212.4,370.82,87.536,87.791,1.0402
1878.2,0.05,212.34,370.92,87.515,87.78,1.0399
1878.3,0.05,212.29,371.02,87.493,87.769,1.0396
1878.4,0.05,212.24,371.13,87.472,87.759,1.0392
1878.5,0.05,212.19,371.23,87.451,87.748,1.0389
1878.6,0.05,212.13,371.33,87.429,87.737,1.0386
1878.7,0.05,212.08,371.44,87.408,87.727,1.0383
1878.8,0.05,212.03,371.54,87.386,87.716,1.038
1878.9,0.05,211.98,371.65,87.365,87.705,1.0377
1879,0.05,211.93,371.75,87.344,87.694,1.0374
1879.1,0.05,211.87,371.85,87.323,87.684,1.0371
1879.2,0.05,211.82,371.96,87.301,87.673,1.0368
1879.3,0.05,211.77,372.06,87.28,87.662,1.0365
1879.4,0.05,211.72,372.16,87.259,87.651,1.0362
1879.5,0.05,211.67,372.27,87.238,87.64,1.0358
1879.6,0.05,211.62,372.37,87.217,87.63,1.0355
1879.7,0.05,211.57,372.47,87.196,87.619,1.0352
1879.8,0.05,211.52,372.58,87.175,87.608,1.0349
1879.9,0.05,211.47,372.68,87.154,87.597,1.0346
1880,0.05,211.42,372.78,87.133,87.586,1.0343
1880.1,0.05,211.37,372.89,87.112,87.575,1.034
1880.2,0.05,211.33,372.99,87.091,87.564,1.0337
1880.3,0.05,211.28,373.09,87.071,87.554,1.0334
1880.4,0.05,211.23,373.19,87.05,87.543,1.0331
1880.5,0.05,211.18,373.3,87.029,87.532,1.0328
1880.6,0.05,211.13,373.4,87.009,87.521,1.0325
1880.7,0.05,211.08,373.5,86.988,87.51,1.0322
1880.8,0.05,211.04,373.6,86.967,87.499,1.0319
1880.9,0.05,210.99,373.71,86.947,87.488,1.0316
1881,0.05,210.94,373.81,86.926,87.477,1.0313
1881.1,0.05,210.89,373.91,86.906,87.466,1.031
1881.2,0.05,210.84,374.01,86.886,87.455,1.0307
1881.3,0.05,210.8,374.12,86.865,87.444,1.0304
1881.4,0.05,210.75,374.22,86.845,87.433,1.0301
1881.5,0.05,210.7,374.32,86.825,87.422,1.0298
1881.6,0.05,210.65,374.42,86.804,87.411,1.0296
1881.7,0.05,210.61,374.53,86.784,87.4,1.0293
1881.8,0.05,210.56,374.63,86.764,87.389,1.029
1881.9,0.05,210.51,374.73,86.744,87.378,1.0287
1882,0.05,210.47,374.83,86.724,87.367,1.0284
1882.1,0.05,210.42,374.93,86.704,87.356,1.0281
1882.2,0.05,210.37,375.04,86.684,87.345,1.0278
1882.3,0.05,210.33,375.14,86.664,87.334,1.0275
1882.4,0.05,210.28,375.24,86.644,87.323,1.0272
1882.5,0.05,210.24,375.34,86.624,87.312,1.0269
1882.6,0.05,210.19,375.44,86.604,87.301,1.0266
1882.7,0.05,210.14,375.55,86.584,87.29,1.0264
1882.8,0.05,210.1,375.65,86.565,87.279,1.0261
1882.9,0.05,210.05,375.75,86.545,87.268,1.0258
1883,0.05,210.01,375.85,86.525,87.257,1.0255
1883.1,0.05,209.96,375.95,86.506,87.246,1.0252
1883.2,0.05,209.92,376.05,86.486,87.235,1.0249
1883.3,0.05,209.87,376.15,86.466,87.224,1.0246
1883.4,0.05,209.83,376.26,86.447,87.213,1.0244
1883.5,0.05,209.78,376.36,86.427,87.201,1.0241
1883.6,0.05,209.74,376.46,86.408,87.19,1.0238
1883.7,0.05,209.69,376.56,86.389,87.179,1.0235
1883.8,0.05,209.65,376.66,86.369,87.168,1.0232
1883.9,0.05,209.61,376.76,86.35,87.157,1.023
1884,0.05,209.56,376.86,86.331,87.146,1.0227
1884.1,0.05,209.52,376.96,86.312,87.135,1.0224
1884.2,0.05,209.47,377.06,86.292,87.124,1.0221
1884.3,0.05,209.43,377.17,86.273,87.112,1.0218
1884.4,0.05,209.38,377.27,86.254,87.101,1.0216
1884.5,0.05,209.34,377.37,86.235,87.09,1.0213
1884.6,0.05,209.29,377.47,86.216,87.079,1.021
1884.7,0.05,209.25,377.57,86.197,87.068,1.0207
1884.8,0.05,209.21,377.67,86.178,87.057,1.0205
1884.9,0.05,209.16,377.77,86.159,87.046,1.0202
1885,0.05,209.12,377.87,86.14,87.034,1.0199
1885.1,0.05,209.07,377.97,86.121,87.023,1.0196
1885.2,0.05,209.03,378.07,86.103,87.012,1.0194
1885.3,0.05,208.99,378.17,86.084,87.001,1.0191
1885.4,0.05,208.94,378.27,86.065,86.99,1.0188
1885.5,0.05,208.9,378.37,86.046,86.978,1.0185
1885.6,0.05,208.85,378.47,86.028,86.967,1.0183
1885.7,0.05,208.81,378.57,86.009,86.956,1.018
1885.8,0.05,208.77,378.67,85.991,86.945,1.0177
1885.9,0.05,208.72,378.77,85.972,86.934,1.0175
1886,0.05,208.68,378.87,85.953,86.922,1.0172
1886.1,0.05,208.63,378.97,85.935,86.911,1.0169
1886.2,0.05,208.59,379.07,85.917,86.9,1.0167
1886.3,0.05,208.55,379.17,85.898,86.889,1.0164
1886.4,0.05,208.5,379.27,85.88,86.878,1.0161
1886.5,0.05,208.46,379.37,85.861,86.866,1.0159
1886.6,0.05,208.42,379.47,85.843,86.855,1.0156
1886.7,0.05,208.38,379.57,85.825,86.844,1.0153
1886.8,0.05,208.33,379.67,85.807,86.833,1.0151
1886.9,0.05,208.29,379.77,85.788,86.822,1.0148
1887,0.05,208.25,379.87,85.77,86.81,1.0145
1887.1,0.05,208.21,379.97,85.752,86.799,1.0143
1887.2,0.05,208.17,380.07,85.734,86.788,1.014
1887.3,0.05,208.12,380.17,85.716,86.777,1.0137
1887.4,0.05,208.08,380.27,85.698,86.765,1.0135
1887.5,0.05,208.04,380.37,85.68,86.754,1.0132
1887.6,0.05,208,380.47,85.662,86.743,1.013
1887.7,0.05,207.96,380.57,85.644,86.732,1.0127
1887.8,0.05,207.92,380.67,85.626,86.721,1.0124
1887.9,0.05,207.88,380.77,85.608,86.709,1.0122
1888,0.05,207.84,380.87,85.591,86.698,1.0119
1888.1,0.05,207.8,380.96,85.573,86.687,1.0117
1888.2,0.05,207.76,381.06,85.555,86.676,1.0114
1888.3,0.05,207.73,381.16,85.537,86.664,1.0112
1888.4,0.05,207.69,381.26,85.52,86.653,1.0109
1888.5,0.05,207.65,381.36,85.502,86.642,1.0106
1888.6,0.05,207.61,381.46,85.485,86.631,1.0104
1888.7,0.05,207.57,381.56,85.467,86.619,1.0101
1888.8,0.05,207.53,381.66,85.45,86.608,1.0099
1888.9,0.05,207.49,381.76,85.432,86.597,1.0096
1889,0.05,207.45,381.85,85.415,86.586,1.0094
1889.1,0.05,207.41,381.95,85.398,86.574,1.0091
1889.2,0.05,207.37,382.05,85.38,86.563,1.0089
1889.3,0.05,207.34,382.15,85.363,86.552,1.0086
1889.4,0.05,207.3,382.25,85.346,86.541,1.0084
1889.5,0.05,207.26,382.35,85.329,86.53,1.0081
1889.6,0.05,207.22,382.45,85.312,86.518,1.0079
1889.7,0.05,207.19,382.54,85.295,86.507,1.0076
1889.8,0.05,207.15,382.64,85.278,86.496,1.0074
1889.9,0.05,207.11,382.74,85.261,86.485,1.0071
1890,0.05,207.08,382.84,85.244,86.473,1.0069
1890.1,0.05,207.04,382.94,85.227,86.462,1.0066
1890.2,0.05,207,383.04,85.21,86.451,1.0064
1890.3,0.05,206.97,383.13,85.193,86.44,1.0062
1890.4,0.05,206.93,383.23,85.176,86.428,1.0059
1890.5,0.05,206.9,383.33,85.16,86.417,1.0057
1890.6,0.05,206.86,383.43,85.143,86.406,1.0054
1890.7,0.05,206.82,383.53,85.126,86.395,1.0052
1890.8,0.05,206.79,383.62,85.11,86.384,1.0049
1890.9,0.05,206.75,383.72,85.093,86.372,1.0047
1891,0.05,206.72,383.82,85.077,86.361,1.0045
1891.1,0.05,206.68,383.92,85.06,86.35,1.0042
1891.2,0.05,206.65,384.02,85.044,86.339,1.004
1891.3,0.05,206.62,384.11,85.028,86.328,1.0037
1891.4,0.05,206.58,384.21,85.011,86.316,1.0035
1891.5,0.05,206.55,384.31,84.995,86.305,1.0033
1891.6,0.05,206.51,384.41,84.979,86.294,1.003
1891.7,0.05,206.48,384.5,84.963,86.283,1.0028
1891.8,0.05,206.44,384.6,84.947,86.272,1.0026
1891.9,0.05,206.41,384.7,84.931,86.26,1.0023
1892,0.05,206.37,384.8,84.914,86.249,1.0021
1892.1,0.05,206.34,384.89,84.898,86.238,1.0019
1892.2,0.05,206.3,384.99,84.883,86.227,1.0016
1892.3,0.05,206.27,385.09,84.867,86.216,1.0014
1892.4,0.05,206.23,385.19,84.851,86.204,1.0012
1892.5,0.05,206.2,385.28,84.835,86.193,1.0009
1892.6,0.05,206.16,385.38,84.819,86.182,1.0007
1892.7,0.05,206.13,385.48,84.803,86.171,1.0005
1892.8,0.05,206.09,385.57,84.788,86.16,1.0003
1892.9,0.05,206.06,385.67,84.772,86.149,1
1893,0.05,206.02,385.77,84.756,86.138,0.9998
1893.1,0.05,205.99,385.87,84.741,86.126,0.99957
1893.2,0.05,205.95,385.96,84.725,86.115,0.99934
1893.3,0.05,205.92,386.06,84.709,86.104,0.99912
1893.4,0.05,205.88,386.16,84.694,86.093,0.99889
1893.5,0.05,205.85,386.25,84.678,86.082,0.99867
1893.6,0.05,205.81,386.35,84.663,86.071,0.99844
1893.7,0.05,205.78,386.45,84.648,86.06,0.99822
1893.8,0.05,205.75,386.54,84.632,86.048,0.99799
1893.9,0.05,205.71,386.64,84.617,86.037,0.99777
1894,0.05,205.68,386.74,84.602,86.026,0.99755
1894.1,0.05,205.64,386.83,84.586,86.015,0.99732
1894.2,0.05,205.61,386.93,84.571,86.004,0.9971
1894.3,0.05,205.58,387.03,84.556,85.993,0.99688
1894.4,0.05,205.54,387.12,84.541,85.982,0.99666
1894.5,0.05,205.51,387.22,84.526,85.971,0.99644
1894.6,0.05,205.48,387.32,84.51,85.96,0.99622
1894.7,0.05,205.45,387.41,84.495,85.949,0.996
1894.8,0.05,205.41,387.51,84.48,85.938,0.99578
1894.9,0.05,205.38,387.6,84.465,85.927,0.99557
1895,0.05,205.35,387.7,84.451,85.915,0.99535
1895.1,0.05,205.32,387.8,84.436,85.904,0.99513
1895.2,0.05,205.29,387.89,84.421,85.893,0.99492
1895.3,0.05,205.26,387.99,84.406,85.882,0.9947
1895.4,0.05,205.22,388.09,84.391,85.871,0.99449
1895.5,0.05,205.19,388.18,84.376,85.86,0.99427
1895.6,0.05,205.16,388.28,84.362,85.849,0.99406
1895.7,0.05,205.13,388.37,84.347,85.838,0.99384
1895.8,0.05,205.1,388.47,84.333,85.827,0.99363
1895.9,0.05,205.07,388.57,84.318,85.816,0.99342
1896,0.05,205.04,388.66,84.303,85.805,0.99321
1896.1,0.05,205.01,388.76,84.289,85.794,0.993
1896.2,0.05,204.98,388.85,84.275,85.783,0.99279
1896.3,0.05,204.95,388.95,84.26,85.772,0.99258
1896.4,0.05,204.92,389.04,84.246,85.761,0.99237
1896.5,0.05,204.89,389.14,84.231,85.75,0.99216
1896.6,0.05,204.86,389.24,84.217,85.739,0.99195
1896.7,0.05,204.83,389.33,84.203,85.728,0.99174
1896.8,0.05,204.8,389.43,84.189,85.717,0.99154
1896.9,0.05,204.77,389.52,84.175,85.707,0.99133
1897,0.05,204.74,389.62,84.161,85.696,0.99113
1897.1,0.05,204.71,389.71,84.146,85.685,0.99092
1897.2,0.05,204.69,389.81,84.132,85.674,0.99072
1897.3,0.05,204.66,389.91,84.118,85.663,0.99051
1897.4,0.05,204.63,390,84.105,85.652,0.99031
1897.5,0.05,204.6,390.1,84.091,85.641,0.99011
1897.6,0.05,204.57,390.19,84.077,85.63,0.98991
1897.7,0.05,204.55,390.29,84.063,85.619,0.9897
1897.8,0.05,204.52,390.38,84.049,85.608,0.9895
1897.9,0.05,204.49,390.48,84.036,85.598,0.9893
1898,0.05,204.47,390.57,84.022,85.587,0.9891
1898.1,0.05,204.44,390.67,84.008,85.576,0.98891
1898.2,0.05,204.41,390.76,83.995,85.565,0.98871
1898.3,0.05,204.39,390.86,83.981,85.554,0.98851
1898.4,0.05,204.36,390.95,83.968,85.543,0.98831
1898.5,0.05,204.34,391.05,83.954,85.533,0.98812
1898.6,0.05,204.31,391.14,83.941,85.522,0.98792
1898.7,0.05,204.29,391.24,83.928,85.511,0.98773
1898.8,0.05,204.27,391.33,83.914,85.5,0.98753
1898.9,0.05,204.24,391.43,83.901,85.489,0.98734
1899,0.05,204.22,391.52,83.888,85.479,0.98715
1899.1,0.05,204.2,391.62,83.875,85.468,0.98696
1899.2,0.05,204.18,391.71,83.862,85.457,0.98677
1899.3,0.05,204.15,391.81,83.849,85.446,0.98658
1899.4,0.05,204.13,391.9,83.836,85.436,0.98639
1899.5,0.05,204.11,392,83.823,85.425,0.9862
1899.6,0.05,204.09,392.09,83.81,85.414,0.98601
1899.7,0.05,204.07,392.18,83.798,85.403,0.98583
1899.8,0.05,204.05,392.28,83.785,85.393,0.98564
1899.9,0.05,204.02,392.37,83.772,85.382,0.98545
1900,0.05,204,392.47,83.76,85.371,0.98527
1900.1,0.05,203.98,392.56,83.747,85.361,0.98509
1900.2,0.05,203.96,392.66,83.735,85.35,0.9849
1900.3,0.05,203.94,392.75,83.722,85.339,0.98472
1900.4,0.05,203.92,392.85,83.71,85.329,0.98454
1900.5,0.05,203.9,392.94,83.698,85.318,0.98436
1900.6,0.05,203.88,393.04,83.686,85.307,0.98418
1900.7,0.05,203.86,393.13,83.673,85.297,0.984
1900.8,0.05,203.84,393.22,83.661,85.286,0.98382
1900.9,0.05,203.82,393.32,83.649,85.276,0.98365
1901,0.05,203.8,393.41,83.637,85.265,0.98347
1901.1,0.05,203.79,393.51,83.625,85.255,0.98329
1901.2,0.05,203.77,393.6,83.613,85.244,0.98312
1901.3,0.05,203.75,393.69,83.602,85.234,0.98294
1901.4,0.05,203.73,393.79,83.59,85.223,0.98277
1901.5,0.05,203.71,393.88,83.578,85.212,0.9826
1901.6,0.05,203.69,393.98,83.567,85.202,0.98243
1901.7,0.05,203.67,394.07,83.555,85.191,0.98225
1901.8,0.05,203.65,394.17,83.543,85.181,0.98208
1901.9,0.05,203.64,394.26,83.532,85.171,0.98191
1902,0.05,203.62,394.35,83.52,85.16,0.98175
1902.1,0.05,203.6,394.45,83.509,85.15,0.98158
1902.2,0.05,203.58,394.54,83.498,85.139,0.98141
1902.3,0.05,203.56,394.64,83.486,85.129,0.98124
1902.4,0.05,203.55,394.73,83.475,85.118,0.98108
1902.5,0.05,203.53,394.82,83.464,85.108,0.98091
1902.6,0.05,203.51,394.92,83.453,85.098,0.98075
1902.7,0.05,203.5,395.01,83.442,85.087,0.98059
1902.8,0.05,203.48,395.1,83.431,85.077,0.98042
1902.9,0.05,203.47,395.2,83.42,85.067,0.98026
1903,0.05,203.46,395.29,83.409,85.056,0.9801
1903.1,0.05,203.44,395.39,83.398,85.046,0.97994
1903.2,0.05,203.43,395.48,83.388,85.036,0.97978
1903.3,0.05,203.41,395.57,83.377,85.025,0.97962
1903.4,0.05,203.4,395.67,83.367,85.015,0.97947
1903.5,0.05,203.39,395.76,83.356,85.005,0.97931
1903.6,0.05,203.37,395.85,83.346,84.995,0.97915
1903.7,0.05,203.36,395.95,83.335,84.984,0.979
1903.8,0.05,203.34,396.04,83.325,84.974,0.97885
1903.9,0.05,203.33,396.13,83.315,84.964,0.97869
1904,0.05,203.32,396.23,83.304,84.954,0.97854
1904.1,0.05,203.3,396.32,83.294,84.944,0.97839
1904.2,0.05,203.29,396.41,83.284,84.934,0.97824
1904.3,0.05,203.28,396.51,83.274,84.923,0.97809
1904.4,0.05,203.26,396.6,83.264,84.913,0.97794
1904.5,0.05,203.25,396.69,83.254,84.903,0.97779
1904.6,0.05,203.24,396.79,83.244,84.893,0.97764
1904.7,0.05,203.23,396.88,83.234,84.883,0.9775
1904.8,0.05,203.22,396.97,83.225,84.873,0.97735
1904.9,0.05,203.21,397.07,83.215,84.863,0.97721
1905,0.05,203.19,397.16,83.205,84.853,0.97706
1905.1,0.05,203.18,397.25,83.196,84.843,0.97692
1905.2,0.05,203.17,397.35,83.186,84.833,0.97678
1905.3,0.05,203.16,397.44,83.177,84.823,0.97664
1905.4,0.05,203.15,397.53,83.168,84.813,0.9765
1905.5,0.05,203.15,397.63,83.158,84.803,0.97636
1905.6,0.05,203.14,397.72,83.149,84.793,0.97622
1905.7,0.05,203.13,397.81,83.14,84.783,0.97608
1905.8,0.05,203.12,397.91,83.131,84.773,0.97595
1905.9,0.05,203.11,398,83.122,84.763,0.97581
1906,0.05,203.11,398.09,83.113,84.753,0.97568
1906.1,0.05,203.1,398.18,83.104,84.744,0.97554
1906.2,0.05,203.09,398.28,83.095,84.734,0.97541
1906.3,0.05,203.09,398.37,83.087,84.724,0.97528
1906.4,0.05,203.08,398.46,83.078,84.714,0.97515
1906.5,0.05,203.08,398.56,83.07,84.704,0.97502
1906.6,0.05,203.07,398.65,83.061,84.695,0.97489
1906.7,0.05,203.07,398.74,83.053,84.685,0.97476
1906.8,0.05,203.07,398.84,83.044,84.675,0.97464
1906.9,0.05,203.07,398.93,83.036,84.666,0.97451
1907,0.05,203.07,399.02,83.028,84.656,0.97439
1907.1,0.05,203.07,399.11,83.02,84.646,0.97426
1907.2,0.05,203.07,399.21,83.012,84.637,0.97414
1907.3,0.05,203.06,399.3,83.004,84.627,0.97402
1907.4,0.05,203.06,399.39,82.996,84.617,0.9739
1907.5,0.05,203.06,399.48,82.989,84.608,0.97378
1907.6,0.05,203.06,399.58,82.981,84.598,0.97367
1907.7,0.05,203.05,399.67,82.973,84.589,0.97355
1907.8,0.05,203.05,399.76,82.966,84.579,0.97344
1907.9,0.05,203.05,399.86,82.958,84.57,0.97332
1908,0.05,203.04,399.95,82.951,84.56,0.97321
1908.1,0.05,203.04,400.04,82.944,84.551,0.97309
1908.2,0.05,203.03,400.13,82.936,84.541,0.97298
1908.3,0.05,203.03,400.23,82.929,84.532,0.97287
1908.4,0.05,203.02,400.32,82.922,84.522,0.97276
1908.5,0.05,203.02,400.41,82.915,84.513,0.97265
1908.6,0.05,203.02,400.5,82.908,84.504,0.97254
1908.7,0.05,203.02,400.6,82.901,84.494,0.97244
1908.8,0.05,203.01,400.69,82.894,84.485,0.97233
1908.9,0.05,203.01,400.78,82.888,84.476,0.97223
1909,0.05,203.01,400.87,82.881,84.466,0.97212
1909.1,0.05,203.01,400.97,82.874,84.457,0.97202
1909.2,0.05,203,401.06,82.868,84.448,0.97191
1909.3,0.05,203,401.15,82.861,84.439,0.97181
1909.4,0.05,203,401.24,82.855,84.429,0.97171
1909.5,0.05,203,401.34,82.848,84.42,0.97161
1909.6,0.05,203,401.43,82.842,84.411,0.97151
1909.7,0.05,203,401.52,82.836,84.402,0.97141
1909.8,0.05,203,401.61,82.829,84.393,0.97132
1909.9,0.05,203,401.71,82.823,84.384,0.97122
1910,0.05,203,401.8,82.817,84.375,0.97113
1910.1,0.05,203,401.89,82.811,84.366,0.97103
1910.2,0.05,203,401.98,82.805,84.357,0.97094
1910.3,0.05,203,402.08,82.799,84.348,0.97085
1910.4,0.05,203,402.17,82.794,84.339,0.97075
1910.5,0.05,203,402.26,82.788,84.33,0.97066
1910.6,0.05,203.01,402.35,82.782,84.321,0.97057
1910.7,0.05,203.01,402.45,82.777,84.312,0.97049
1910.8,0.05,203.01,402.54,82.771,84.303,0.9704
1910.9,0.05,203.01,402.63,82.766,84.294,0.97031
1911,0.05,203.01,402.72,82.76,84.285,0.97023
1911.1,0.05,203.01,402.81,82.755,84.277,0.97014
1911.2,0.05,203.01,402.91,82.75,84.268,0.97006
1911.3,0.05,203.02,403,82.745,84.259,0.96997
1911.4,0.05,203.02,403.09,82.739,84.25,0.96989
1911.5,0.05,203.02,403.18,82.734,84.242,0.96981
1911.6,0.05,203.02,403.28,82.729,84.233,0.96973
1911.7,0.05,203.03,403.37,82.724,84.224,0.96965
1911.8,0.05,203.03,403.46,82.72,84.216,0.96957
1911.9,0.05,203.04,403.55,82.715,84.207,0.96949
1912,0.05,203.04,403.64,82.71,84.198,0.96942
1912.1,0.05,203.04,403.74,82.705,84.19,0.96934
1912.2,0.05,203.05,403.83,82.701,84.181,0.96927
1912.3,0.05,203.06,403.92,82.696,84.173,0.96919
1912.4,0.05,203.06,404.01,82.692,84.164,0.96912
1912.5,0.05,203.07,404.1,82.687,84.156,0.96905
1912.6,0.05,203.08,404.2,82.683,84.147,0.96898
1912.7,0.05,203.09,404.29,82.679,84.139,0.96891
1912.8,0.05,203.09,404.38,82.675,84.13,0.96884
1912.9,0.05,203.1,404.47,82.671,84.122,0.96877
1913,0.05,203.11,404.57,82.667,84.114,0.96871
1913.1,0.05,203.12,404.66,82.663,84.105,0.96864
1913.2,0.05,203.13,404.75,82.659,84.097,0.96858
1913.3,0.05,203.14,404.84,82.655,84.089,0.96851
1913.4,0.05,203.14,404.93,82.652,84.081,0.96845
1913.5,0.05,203.15,405.03,82.648,84.072,0.96839
1913.6,0.05,203.15,405.12,82.645,84.064,0.96833
1913.7,0.05,203.16,405.21,82.641,84.056,0.96827
1913.8,0.05,203.16,405.3,82.638,84.048,0.96821
1913.9,0.05,203.16,405.39,82.634,84.04,0.96815
1914,0.05,203.16,405.49,82.631,84.032,0.9681
1914.1,0.05,203.16,405.58,82.628,84.024,0.96804
1914.2,0.05,203.16,405.67,82.624,84.016,0.96798
1914.3,0.05,203.16,405.76,82.621,84.007,0.96793
1914.4,0.05,203.16,405.85,82.618,83.999,0.96787
1914.5,0.05,203.16,405.94,82.615,83.992,0.96782
1914.6,0.05,203.16,406.04,82.611,83.984,0.96776
1914.7,0.05,203.16,406.13,82.608,83.976,0.96771
1914.8,0.05,203.16,406.22,82.605,83.968,0.96765
1914.9,0.05,203.16,406.31,82.602,83.96,0.9676
1915,0.05,203.16,406.4,82.599,83.952,0.96755
1915.1,0.05,203.16,406.5,82.596,83.944,0.9675
1915.2,0.05,203.15,406.59,82.593,83.936,0.96745
1915.3,0.05,203.15,406.68,82.59,83.929,0.96739
1915.4,0.05,203.16,406.77,82.587,83.921,0.96734
1915.5,0.05,203.16,406.86,82.584,83.913,0.96729
1915.6,0.05,203.16,406.95,82.581,83.906,0.96724
1915.7,0.05,203.16,407.05,82.579,83.898,0.9672
1915.8,0.05,203.16,407.14,82.576,83.89,0.96715
1915.9,0.05,203.17,407.23,82.573,83.883,0.9671
1916,0.05,203.17,407.32,82.57,83.875,0.96705
1916.1,0.05,203.17,407.41,82.568,83.868,0.96701
1916.2,0.05,203.18,407.5,82.565,83.86,0.96696
1916.3,0.05,203.19,407.6,82.562,83.852,0.96692
1916.4,0.05,203.19,407.69,82.56,83.845,0.96687
1916.5,0.05,203.2,407.78,82.557,83.837,0.96683
1916.6,0.05,203.2,407.87,82.555,83.83,0.96679
1916.7,0.05,203.21,407.96,82.553,83.823,0.96674
1916.8,0.05,203.22,408.05,82.55,83.815,0.9667
1916.9,0.05,203.23,408.15,82.548,83.808,0.96666
1917,0.05,203.23,408.24,82.546,83.801,0.96662
1917.1,0.05,203.24,408.33,82.544,83.793,0.96658
1917.2,0.05,203.25,408.42,82.542,83.786,0.96654
1917.3,0.05,203.26,408.51,82.54,83.779,0.96651
1917.4,0.05,203.27,408.6,82.538,83.771,0.96647
1917.5,0.05,203.27,408.7,82.536,83.764,0.96643
1917.6,0.05,203.28,408.79,82.534,83.757,0.9664
1917.7,0.05,203.29,408.88,82.532,83.75,0.96636
1917.8,0.05,203.3,408.97,82.53,83.743,0.96633
1917.9,0.05,203.3,409.06,82.529,83.736,0.9663
1918,0.05,203.31,409.15,82.527,83.729,0.96627
1918.1,0.05,203.31,409.25,82.525,83.722,0.96623
1918.2,0.05,203.32,409.34,82.524,83.715,0.9662
1918.3,0.05,203.32,409.43,82.522,83.708,0.96617
1918.4,0.05,203.32,409.52,82.52,83.701,0.96614
1918.5,0.05,203.32,409.61,82.519,83.694,0.96611
1918.6,0.05,203.32,409.7,82.517,83.687,0.96608
1918.7,0.05,203.32,409.79,82.516,83.68,0.96605
1918.8,0.05,203.32,409.89,82.514,83.673,0.96602
1918.9,0.05,203.31,409.98,82.513,83.666,0.96599
1919,0.05,203.31,410.07,82.511,83.659,0.96596
1919.1,0.05,203.3,410.16,82.51,83.652,0.96593
1919.2,0.05,203.3,410.25,82.508,83.646,0.9659
1919.3,0.05,203.29,410.34,82.506,83.639,0.96587
1919.4,0.05,203.29,410.43,82.505,83.632,0.96585
1919.5,0.05,203.29,410.52,82.503,83.625,0.96582
1919.6,0.05,203.29,410.62,82.502,83.619,0.96579
1919.7,0.05,203.29,410.71,82.5,83.612,0.96576
1919.8,0.05,203.29,410.8,82.499,83.605,0.96573
1919.9,0.05,203.3,410.89,82.497,83.599,0.9657
1920,0.05,203.3,410.98,82.496,83.592,0.96568
1920.1,0.05,203.31,411.07,82.495,83.586,0.96565
1920.2,0.05,203.31,411.16,82.493,83.579,0.96562
1920.3,0.05,203.31,411.25,82.492,83.573,0.9656
1920.4,0.05,203.31,411.35,82.49,83.566,0.96557
1920.5,0.05,203.31,411.44,82.489,83.56,0.96555
1920.6,0.05,203.31,411.53,82.488,83.553,0.96552
1920.7,0.05,203.31,411.62,82.487,83.547,0.9655
1920.8,0.05,203.3,411.71,82.485,83.54,0.96547
1920.9,0.05,203.3,411.8,82.484,83.534,0.96545
1921,0.05,203.29,411.89,82.483,83.528,0.96542
1921.1,0.05,203.28,411.98,82.481,83.521,0.9654
1921.2,0.05,203.28,412.08,82.48,83.515,0.96537
1921.3,0.05,203.27,412.17,82.478,83.509,0.96535
1921.4,0.05,203.27,412.26,82.477,83.502,0.96532
1921.5,0.05,203.26,412.35,82.476,83.496,0.9653
1921.6,0.05,203.26,412.44,82.474,83.49,0.96527
1921.7,0.05,203.25,412.53,82.473,83.484,0.96525
1921.8,0.05,203.25,412.62,82.471,83.478,0.96522
1921.9,0.05,203.24,412.71,82.47,83.471,0.9652
1922,0.05,203.24,412.8,82.469,83.465,0.96517
1922.1,0.05,203.24,412.89,82.467,83.459,0.96515
1922.2,0.05,203.24,412.98,82.466,83.453,0.96512
1922.3,0.05,203.24,413.08,82.464,83.447,0.9651
1922.4,0.05,203.24,413.17,82.463,83.441,0.96507
1922.5,0.05,203.24,413.26,82.462,83.435,0.96505
1922.6,0.05,203.24,413.35,82.46,83.429,0.96503
1922.7,0.05,203.25,413.44,82.459,83.423,0.965
1922.8,0.05,203.25,413.53,82.458,83.417,0.96498
1922.9,0.05,203.26,413.62,82.457,83.411,0.96496
1923,0.05,203.27,413.71,82.455,83.405,0.96494
1923.1,0.05,203.28,413.8,82.454,83.399,0.96492
1923.2,0.05,203.28,413.89,82.453,83.393,0.9649
1923.3,0.05,203.29,413.98,82.452,83.387,0.96488
1923.4,0.05,203.3,414.07,82.451,83.382,0.96486
1923.5,0.05,203.31,414.17,82.45,83.376,0.96484
1923.6,0.05,203.32,414.26,82.449,83.37,0.96482
1923.7,0.05,203.32,414.35,82.448,83.364,0.9648
1923.8,0.05,203.33,414.44,82.447,83.359,0.96479
1923.9,0.05,203.34,414.53,82.447,83.353,0.96477
1924,0.05,203.35,414.62,82.446,83.347,0.96475
1924.1,0.05,203.35,414.71,82.445,83.341,0.96474
1924.2,0.05,203.36,414.8,82.444,83.336,0.96472
1924.3,0.05,203.37,414.89,82.444,83.33,0.96471
1924.4,0.05,203.37,414.98,82.443,83.324,0.96469
1924.5,0.05,203.38,415.07,82.442,83.319,0.96468
1924.6,0.05,203.39,415.16,82.442,83.313,0.96467
1924.7,0.05,203.4,415.25,82.441,83.308,0.96466
1924.8,0.05,203.41,415.34,82.441,83.302,0.96464
1924.9,0.05,203.41,415.44,82.44,83.297,0.96463
1925,0.05,203.42,415.53,82.44,83.291,0.96462
1925.1,0.05,203.43,415.62,82.44,83.286,0.96461
1925.2,0.05,203.44,415.71,82.439,83.28,0.9646
1925.3,0.05,203.44,415.8,82.439,83.275,0.96459
1925.4,0.05,203.45,415.89,82.439,83.269,0.96458
1925.5,0.05,203.46,415.98,82.439,83.264,0.96457
1925.6,0.05,203.47,416.07,82.438,83.259,0.96457
1925.7,0.05,203.48,416.16,82.438,83.253,0.96456
1925.8,0.05,203.48,416.25,82.438,83.248,0.96455
1925.9,0.05,203.49,416.34,82.438,83.243,0.96454
1926,0.05,203.5,416.43,82.438,83.237,0.96454
1926.1,0.05,203.51,416.52,82.438,83.232,0.96453
1926.2,0.05,203.52,416.61,82.438,83.227,0.96453
1926.3,0.05,203.53,416.7,82.438,83.222,0.96452
1926.4,0.05,203.54,416.79,82.438,83.216,0.96452
1926.5,0.05,203.55,416.89,82.438,83.211,0.96451
1926.6,0.05,203.56,416.98,82.438,83.206,0.96451
1926.7,0.05,203.57,417.07,82.438,83.201,0.96451
1926.8,0.05,203.59,417.16,82.439,83.196,0.96451
1926.9,0.05,203.6,417.25,82.439,83.191,0.96451
1927,0.05,203.62,417.34,82.439,83.186,0.96451
1927.1,0.05,203.63,417.43,82.44,83.181,0.96451
1927.2,0.05,203.65,417.52,82.44,83.176,0.96451
1927.3,0.05,203.66,417.61,82.441,83.171,0.96451
1927.4,0.05,203.68,417.7,82.441,83.166,0.96451
1927.5,0.05,203.69,417.79,82.442,83.161,0.96451
1927.6,0.05,203.71,417.88,82.443,83.156,0.96452
1927.7,0.05,203.72,417.97,82.443,83.151,0.96452
1927.8,0.05,203.74,418.06,82.444,83.146,0.96453
1927.9,0.05,203.75,418.15,82.445,83.141,0.96453
1928,0.05,203.76,418.24,82.446,83.136,0.96454
1928.1,0.05,203.78,418.33,82.447,83.131,0.96455
1928.2,0.05,203.8,418.42,82.448,83.127,0.96456
1928.3,0.05,203.81,418.51,82.449,83.122,0.96456
1928.4,0.05,203.83,418.61,82.45,83.117,0.96457
1928.5,0.05,203.85,418.7,82.451,83.112,0.96458
1928.6,0.05,203.86,418.79,82.452,83.108,0.96459
1928.7,0.05,203.88,418.88,82.453,83.103,0.96461
1928.8,0.05,203.9,418.97,82.455,83.098,0.96462
1928.9,0.05,203.92,419.06,82.456,83.094,0.96463
1929,0.05,203.94,419.15,82.458,83.089,0.96465
1929.1,0.05,203.97,419.24,82.459,83.085,0.96466
1929.2,0.05,203.99,419.33,82.461,83.08,0.96468
1929.3,0.05,204,419.42,82.462,83.075,0.96469
1929.4,0.05,204.02,419.51,82.464,83.071,0.96471
1929.5,0.05,204.04,419.6,82.466,83.066,0.96473
1929.6,0.05,204.06,419.69,82.468,83.062,0.96475
1929.7,0.05,204.07,419.78,82.47,83.058,0.96477
1929.8,0.05,204.09,419.87,82.471,83.053,0.96479
1929.9,0.05,204.1,419.96,82.473,83.049,0.96481
1930,0.05,204.11,420.05,82.475,83.044,0.96483
1930.1,0.05,204.12,420.14,82.477,83.04,0.96485
1930.2,0.05,204.13,420.23,82.479,83.036,0.96487
1930.3,0.05,204.14,420.32,82.481,83.031,0.96489
1930.4,0.05,204.15,420.42,82.483,83.027,0.96491
1930.5,0.05,204.16,420.51,82.485,83.023,0.96494
1930.6,0.05,204.16,420.6,82.487,83.019,0.96496
1930.7,0.05,204.17,420.69,82.489,83.015,0.96498
1930.8,0.05,204.17,420.78,82.491,83.01,0.965
1930.9,0.05,204.17,420.87,82.493,83.006,0.96502
1931,0.05,204.18,420.96,82.495,83.002,0.96505
1931.1,0.05,204.18,421.05,82.497,82.998,0.96507
1931.2,0.05,204.18,421.14,82.499,82.994,0.96509
1931.3,0.05,204.17,421.23,82.501,82.99,0.96511
1931.4,0.05,204.17,421.32,82.503,82.986,0.96513
1931.5,0.05,204.17,421.41,82.505,82.982,0.96515
1931.6,0.05,204.17,421.5,82.506,82.978,0.96517
1931.7,0.05,204.16,421.59,82.508,82.974,0.96519
1931.8,0.05,204.16,421.68,82.51,82.97,0.96521
1931.9,0.05,204.15,421.77,82.511,82.966,0.96523
1932,0.05,204.14,421.86,82.513,82.962,0.96525
1932.1,0.05,204.14,421.95,82.515,82.958,0.96527
1932.2,0.05,204.13,422.04,82.516,82.954,0.96529
1932.3,0.05,204.12,422.13,82.518,82.95,0.9653
1932.4,0.05,204.12,422.22,82.519,82.947,0.96532
1932.5,0.05,204.11,422.31,82.52,82.943,0.96534
1932.6,0.05,204.11,422.4,82.522,82.939,0.96535
1932.7,0.05,204.1,422.49,82.523,82.935,0.96537
1932.8,0.05,204.1,422.58,82.524,82.931,0.96538
1932.9,0.05,204.1,422.67,82.526,82.928,0.9654
1933,0.05,204.09,422.76,82.527,82.924,0.96541
1933.1,0.05,204.09,422.85,82.528,82.92,0.96543
1933.2,0.05,204.09,422.94,82.529,82.917,0.96544
1933.3,0.05,204.09,423.03,82.53,82.913,0.96545
1933.4,0.05,204.09,423.12,82.531,82.909,0.96547
1933.5,0.05,204.09,423.21,82.532,82.906,0.96548
1933.6,0.05,204.09,423.3,82.534,82.902,0.96549
1933.7,0.05,204.09,423.39,82.535,82.898,0.96551
1933.8,0.05,204.1,423.48,82.536,82.895,0.96552
1933.9,0.05,204.1,423.57,82.537,82.891,0.96553
1934,0.05,204.1,423.66,82.538,82.888,0.96555
1934.1,0.05,204.11,423.75,82.539,82.884,0.96556
1934.2,0.05,204.11,423.84,82.54,82.881,0.96557
1934.3,0.05,204.12,423.93,82.541,82.877,0.96559
1934.4,0.05,204.13,424.02,82.542,82.874,0.9656
1934.5,0.05,204.13,424.11,82.543,82.87,0.96562
1934.6,0.05,204.14,424.2,82.545,82.867,0.96563
1934.7,0.05,204.15,424.29,82.546,82.863,0.96565
1934.8,0.05,204.16,424.38,82.547,82.86,0.96566
1934.9,0.05,204.17,424.47,82.548,82.857,0.96568
1935,0.05,204.18,424.56,82.549,82.853,0.96569
1935.1,0.05,204.19,424.65,82.551,82.85,0.96571
1935.2,0.05,204.2,424.74,82.552,82.847,0.96572
1935.3,0.05,204.21,424.83,82.553,82.843,0.96574
1935.4,0.05,204.22,424.92,82.555,82.84,0.96576
1935.5,0.05,204.24,425.01,82.556,82.837,0.96577
1935.6,0.05,204.25,425.1,82.558,82.833,0.96579
1935.7,0.05,204.27,425.19,82.559,82.83,0.96581
1935.8,0.05,204.29,425.28,82.561,82.827,0.96583
1935.9,0.05,204.3,425.37,82.562,82.824,0.96585
1936,0.05,204.32,425.46,82.564,82.82,0.96587
1936.1,0.05,204.34,425.55,82.566,82.817,0.96589
1936.2,0.05,204.36,425.64,82.567,82.814,0.96591
1936.3,0.05,204.38,425.73,82.569,82.811,0.96594
1936.4,0.05,204.4,425.82,82.571,82.808,0.96596
1936.5,0.05,204.43,425.91,82.573,82.805,0.96599
1936.6,0.05,204.45,426,82.575,82.801,0.96601
1936.7,0.05,204.47,426.09,82.577,82.798,0.96604
1936.8,0.05,204.5,426.18,82.579,82.795,0.96606
1936.9,0.05,204.52,426.27,82.582,82.792,0.96609
1937,0.05,204.55,426.36,82.584,82.789,0.96612
1937.1,0.05,204.57,426.45,82.586,82.786,0.96615
1937.2,0.05,204.6,426.54,82.589,82.783,0.96618
1937.3,0.05,204.62,426.63,82.591,82.78,0.96621
1937.4,0.05,204.64,426.72,82.594,82.777,0.96625
1937.5,0.05,204.66,426.81,82.597,82.774,0.96628
1937.6,0.05,204.69,426.9,82.599,82.771,0.96631
1937.7,0.05,204.71,426.99,82.602,82.769,0.96635
1937.8,0.05,204.73,427.08,82.605,82.766,0.96638
1937.9,0.05,204.75,427.17,82.608,82.763,0.96642
1938,0.05,204.77,427.26,82.611,82.76,0.96646
1938.1,0.05,204.78,427.35,82.614,82.757,0.96649
1938.2,0.05,204.8,427.44,82.617,82.754,0.96653
1938.3,0.05,204.82,427.53,82.62,82.752,0.96657
1938.4,0.05,204.84,427.62,82.623,82.749,0.96661
1938.5,0.05,204.86,427.71,82.626,82.746,0.96665
1938.6,0.05,204.88,427.8,82.629,82.743,0.96669
1938.7,0.05,204.9,427.89,82.633,82.741,0.96673
1938.8,0.05,204.93,427.98,82.636,82.738,0.96677
1938.9,0.05,204.95,428.07,82.639,82.735,0.96681
1939,0.05,204.97,428.16,82.643,82.733,0.96685
1939.1,0.05,204.99,428.25,82.646,82.73,0.9669
1939.2,0.05,205.02,428.34,82.65,82.728,0.96694
1939.3,0.05,205.04,428.43,82.653,82.725,0.96699
1939.4,0.05,205.07,428.52,82.657,82.723,0.96703
1939.5,0.05,205.09,428.61,82.66,82.72,0.96708
1939.6,0.05,205.12,428.7,82.664,82.718,0.96713
1939.7,0.05,205.15,428.79,82.668,82.715,0.96717
1939.8,0.05,205.18,428.88,82.672,82.713,0.96722
1939.9,0.05,205.21,428.97,82.676,82.71,0.96727
1940,0.05,205.24,429.06,82.68,82.708,0.96732
1940.1,0.05,205.27,429.15,82.684,82.705,0.96738
1940.2,0.05,205.31,429.24,82.688,82.703,0.96743
1940.3,0.05,205.34,429.33,82.693,82.701,0.96748
1940.4,0.05,205.37,429.42,82.697,82.698,0.96754
1940.5,0.05,205.4,429.51,82.701,82.696,0.96759
1940.6,0.05,205.44,429.6,82.706,82.694,0.96765
1940.7,0.05,205.47,429.69,82.711,82.692,0.96771
1940.8,0.05,205.5,429.78,82.715,82.689,0.96777
1940.9,0.05,205.54,429.87,82.72,82.687,0.96783
1941,0.05,205.57,429.96,82.725,82.685,0.96789
1941.1,0.05,205.6,430.05,82.73,82.683,0.96795
1941.2,0.05,205.64,430.14,82.735,82.681,0.96802
1941.3,0.05,205.67,430.23,82.74,82.679,0.96808
1941.4,0.05,205.7,430.32,82.745,82.676,0.96815
1941.5,0.05,205.74,430.41,82.75,82.674,0.96821
1941.6,0.05,205.77,430.5,82.756,82.672,0.96828
1941.7,0.05,205.81,430.59,82.761,82.67,0.96835
1941.8,0.05,205.84,430.68,82.767,82.668,0.96842
1941.9,0.05,205.87,430.77,82.772,82.666,0.96849
1942,0.05,205.91,430.86,82.778,82.664,0.96856
1942.1,0.05,205.94,430.95,82.783,82.663,0.96863
1942.2,0.05,205.97,431.04,82.789,82.661,0.96871
1942.3,0.05,206.01,431.13,82.795,82.659,0.96878
1942.4,0.05,206.04,431.22,82.801,82.657,0.96886
1942.5,0.05,206.08,431.31,82.807,82.655,0.96893
1942.6,0.05,206.11,431.4,82.813,82.653,0.96901
1942.7,0.05,206.15,431.49,82.819,82.652,0.96909
1942.8,0.05,206.19,431.58,82.825,82.65,0.96917
1942.9,0.05,206.22,431.67,82.831,82.648,0.96925
1943,0.05,206.26,431.76,82.838,82.647,0.96933
1943.1,0.05,206.3,431.85,82.844,82.645,0.96941
1943.2,0.05,206.33,431.94,82.851,82.643,0.96949
1943.3,0.05,206.37,432.03,82.857,82.642,0.96958
1943.4,0.05,206.41,432.12,82.864,82.64,0.96966
1943.5,0.05,206.44,432.21,82.871,82.639,0.96975
1943.6,0.05,206.48,432.3,82.877,82.637,0.96983
1943.7,0.05,206.51,432.39,82.884,82.636,0.96992
1943.8,0.05,206.55,432.49,82.891,82.634,0.97001
1943.9,0.05,206.59,432.58,82.898,82.633,0.9701
1944,0.05,206.62,432.67,82.905,82.631,0.97019
1944.1,0.05,206.66,432.76,82.912,82.63,0.97028
1944.2,0.05,206.69,432.85,82.919,82.629,0.97037
1944.3,0.05,206.72,432.94,82.926,82.627,0.97047
1944.4,0.05,206.74,433.03,82.934,82.626,0.97056
1944.5,0.05,206.77,433.12,82.941,82.625,0.97065
1944.6,0.05,206.79,433.21,82.948,82.623,0.97075
1944.7,0.05,206.81,433.3,82.955,82.622,0.97084
1944.8,0.05,206.83,433.39,82.963,82.621,0.97093
1944.9,0.05,206.85,433.48,82.97,82.62,0.97103
1945,0.05,206.86,433.57,82.977,82.619,0.97112
1945.1,0.05,206.88,433.66,82.984,82.618,0.97121
1945.2,0.05,206.89,433.75,82.991,82.617,0.97131
1945.3,0.05,206.91,433.84,82.998,82.616,0.9714
1945.4,0.05,206.92,433.93,83.005,82.615,0.97149
1945.5,0.05,206.94,434.02,83.013,82.614,0.97158
1945.6,0.05,206.96,434.11,83.02,82.613,0.97168
1945.7,0.05,206.98,434.21,83.027,82.612,0.97177
1945.8,0.05,207,434.3,83.034,82.611,0.97186
1945.9,0.05,207.02,434.39,83.041,82.61,0.97195
1946,0.05,207.04,434.48,83.048,82.609,0.97205
1946.1,0.05,207.06,434.57,83.055,82.608,0.97214
1946.2,0.05,207.08,434.66,83.062,82.607,0.97223
1946.3,0.05,207.11,434.75,83.069,82.606,0.97233
1946.4,0.05,207.13,434.84,83.076,82.606,0.97242
1946.5,0.05,207.16,434.93,83.083,82.605,0.97251
1946.6,0.05,207.19,435.02,83.09,82.604,0.97261
1946.7,0.05,207.22,435.11,83.097,82.604,0.9727
1946.8,0.05,207.25,435.2,83.105,82.603,0.9728
1946.9,0.05,207.28,435.29,83.112,82.602,0.97289
1947,0.05,207.32,435.38,83.119,82.602,0.97299
1947.1,0.05,207.35,435.47,83.126,82.601,0.97309
1947.2,0.05,207.39,435.56,83.134,82.6,0.97319
1947.3,0.05,207.42,435.65,83.141,82.6,0.97329
1947.4,0.05,207.46,435.75,83.149,82.599,0.97339
1947.5,0.05,207.5,435.84,83.156,82.599,0.97349
1947.6,0.05,207.54,435.93,83.164,82.598,0.97359
1947.7,0.05,207.58,436.02,83.172,82.598,0.97369
1947.8,0.05,207.62,436.11,83.18,82.597,0.97379
1947.9,0.05,207.66,436.2,83.187,82.597,0.9739
1948,0.05,207.7,436.29,83.195,82.597,0.974
1948.1,0.05,207.74,436.38,83.203,82.596,0.97411
1948.2,0.05,207.78,436.47,83.212,82.596,0.97422
1948.3,0.05,207.82,436.56,83.22,82.596,0.97432
1948.4,0.05,207.86,436.65,83.228,82.595,0.97443
1948.5,0.05,207.9,436.74,83.236,82.595,0.97454
1948.6,0.05,207.93,436.83,83.245,82.595,0.97465
1948.7,0.05,207.97,436.93,83.253,82.595,0.97476
1948.8,0.05,208.01,437.02,83.261,82.594,0.97488
1948.9,0.05,208.04,437.11,83.27,82.594,0.97499
1949,0.05,208.08,437.2,83.278,82.594,0.9751
1949.1,0.05,208.12,437.29,83.287,82.594,0.97522
1949.2,0.05,208.15,437.38,83.296,82.594,0.97533
1949.3,0.05,208.2,437.47,83.304,82.594,0.97545
1949.4,0.05,208.24,437.56,83.313,82.594,0.97556
1949.5,0.05,208.28,437.65,83.322,82.594,0.97568
1949.6,0.05,208.33,437.74,83.331,82.594,0.9758
1949.7,0.05,208.37,437.83,83.34,82.594,0.97592
1949.8,0.05,208.42,437.93,83.349,82.594,0.97604
1949.9,0.05,208.48,438.02,83.358,82.594,0.97616
1950,0.05,208.53,438.11,83.367,82.594,0.97628
1950.1,0.05,208.58,438.2,83.377,82.595,0.97641
1950.2,0.05,208.64,438.29,83.386,82.595,0.97653
1950.3,0.05,208.7,438.38,83.396,82.595,0.97666
1950.4,0.05,208.76,438.47,83.406,82.595,0.97679
1950.5,0.05,208.81,438.56,83.416,82.595,0.97692
1950.6,0.05,208.87,438.66,83.426,82.596,0.97705
1950.7,0.05,208.94,438.75,83.436,82.596,0.97719
1950.8,0.05,209,438.84,83.446,82.596,0.97732
1950.9,0.05,209.06,438.93,83.456,82.597,0.97746
1951,0.05,209.13,439.02,83.467,82.597,0.9776
1951.1,0.05,209.19,439.11,83.478,82.598,0.97774
1951.2,0.05,209.26,439.2,83.488,82.598,0.97788
1951.3,0.05,209.32,439.3,83.499,82.599,0.97803
1951.4,0.05,209.39,439.39,83.511,82.599,0.97817
1951.5,0.05,209.46,439.48,83.522,82.6,0.97832
1951.6,0.05,209.52,439.57,83.533,82.601,0.97847
1951.7,0.05,209.59,439.66,83.545,82.601,0.97862
1951.8,0.05,209.65,439.75,83.556,82.602,0.97877
1951.9,0.05,209.72,439.85,83.568,82.603,0.97893
1952,0.05,209.78,439.94,83.58,82.603,0.97909
1952.1,0.05,209.85,440.03,83.592,82.604,0.97924
1952.2,0.05,209.92,440.12,83.604,82.605,0.9794
1952.3,0.05,209.98,440.21,83.616,82.606,0.97957
1952.4,0.05,210.05,440.3,83.629,82.607,0.97973
1952.5,0.05,210.12,440.4,83.641,82.608,0.97989
1952.6,0.05,210.18,440.49,83.654,82.609,0.98006
1952.7,0.05,210.25,440.58,83.667,82.61,0.98023
1952.8,0.05,210.32,440.67,83.68,82.611,0.9804
1952.9,0.05,210.39,440.76,83.693,82.612,0.98057
1953,0.05,210.46,440.86,83.706,82.613,0.98074
1953.1,0.05,210.52,440.95,83.719,82.614,0.98092
1953.2,0.05,210.59,441.04,83.733,82.615,0.98109
1953.3,0.05,210.66,441.13,83.746,82.616,0.98127
1953.4,0.05,210.73,441.23,83.76,82.617,0.98145
1953.5,0.05,210.8,441.32,83.774,82.619,0.98163
1953.6,0.05,210.87,441.41,83.787,82.62,0.98181
1953.7,0.05,210.94,441.5,83.801,82.621,0.982
1953.8,0.05,211,441.6,83.815,82.623,0.98218
1953.9,0.05,211.07,441.69,83.83,82.624,0.98237
1954,0.05,211.14,441.78,83.844,82.626,0.98256
1954.1,0.05,211.21,441.87,83.858,82.627,0.98275
1954.2,0.05,211.28,441.97,83.873,82.629,0.98294
1954.3,0.05,211.36,442.06,83.888,82.63,0.98313
1954.4,0.05,211.43,442.15,83.902,82.632,0.98333
1954.5,0.05,211.5,442.24,83.917,82.634,0.98352
1954.6,0.05,211.58,442.34,83.932,82.635,0.98372
1954.7,0.05,211.66,442.43,83.948,82.637,0.98392
1954.8,0.05,211.74,442.52,83.963,82.639,0.98412
1954.9,0.05,211.82,442.61,83.978,82.641,0.98433
1955,0.05,211.9,442.71,83.994,82.643,0.98453
1955.1,0.05,211.99,442.8,84.01,82.644,0.98474
1955.2,0.05,212.07,442.89,84.026,82.646,0.98495
1955.3,0.05,212.16,442.99,84.042,82.648,0.98516
1955.4,0.05,212.25,443.08,84.058,82.65,0.98537
1955.5,0.05,212.33,443.17,84.074,82.652,0.98559
1955.6,0.05,212.42,443.27,84.091,82.655,0.98581
1955.7,0.05,212.51,443.36,84.108,82.657,0.98603
1955.8,0.05,212.6,443.45,84.124,82.659,0.98625
1955.9,0.05,212.7,443.55,84.142,82.661,0.98648
1956,0.05,212.79,443.64,84.159,82.663,0.9867
1956.1,0.05,212.88,443.73,84.176,82.666,0.98693
1956.2,0.05,212.98,443.83,84.194,82.668,0.98717
1956.3,0.05,213.07,443.92,84.212,82.671,0.9874
1956.4,0.05,213.17,444.01,84.23,82.673,0.98764
1956.5,0.05,213.27,444.11,84.248,82.675,0.98787
1956.6,0.05,213.36,444.2,84.266,82.678,0.98812
1956.7,0.05,213.46,444.3,84.284,82.681,0.98836
1956.8,0.05,213.56,444.39,84.303,82.683,0.9886
1956.9,0.05,213.66,444.48,84.322,82.686,0.98885
1957,0.05,213.76,444.58,84.341,82.689,0.9891
1957.1,0.05,213.86,444.67,84.36,82.691,0.98936
1957.2,0.05,213.96,444.77,84.379,82.694,0.98961
1957.3,0.05,214.06,444.86,84.399,82.697,0.98987
1957.4,0.05,214.16,444.95,84.419,82.7,0.99013
1957.5,0.05,214.26,445.05,84.439,82.703,0.99039
1957.6,0.05,214.36,445.14,84.459,82.706,0.99066
1957.7,0.05,214.46,445.24,84.479,82.709,0.99092
1957.8,0.05,214.56,445.33,84.499,82.712,0.99119
1957.9,0.05,214.67,445.43,84.52,82.716,0.99146
1958,0.05,214.77,445.52,84.541,82.719,0.99174
1958.1,0.05,214.87,445.62,84.561,82.722,0.99201
1958.2,0.05,214.98,445.71,84.583,82.725,0.99229
1958.3,0.05,215.08,445.81,84.604,82.729,0.99257
1958.4,0.05,215.19,445.9,84.625,82.732,0.99285
1958.5,0.05,215.29,446,84.647,82.736,0.99314
1958.6,0.05,215.4,446.09,84.669,82.739,0.99343
1958.7,0.05,215.51,446.19,84.69,82.743,0.99372
1958.8,0.05,215.62,446.28,84.713,82.746,0.99401
1958.9,0.05,215.73,446.38,84.735,82.75,0.9943
1959,0.05,215.84,446.47,84.757,82.754,0.9946
1959.1,0.05,215.95,446.57,84.78,82.758,0.9949
1959.2,0.05,216.06,446.66,84.803,82.762,0.9952
1959.3,0.05,216.18,446.76,84.826,82.765,0.99551
1959.4,0.05,216.29,446.85,84.849,82.769,0.99581
1959.5,0.05,216.41,446.95,84.873,82.773,0.99612
1959.6,0.05,216.52,447.04,84.896,82.778,0.99643
1959.7,0.05,216.64,447.14,84.92,82.782,0.99675
1959.8,0.05,216.76,447.24,84.944,82.786,0.99707
1959.9,0.05,216.87,447.33,84.968,82.79,0.99739
1960,0.05,216.99,447.43,84.992,82.794,0.99771
1960.1,0.05,217.11,447.52,85.017,82.799,0.99803
1960.2,0.05,217.23,447.62,85.042,82.803,0.99836
1960.3,0.05,217.35,447.72,85.066,82.808,0.99869
1960.4,0.05,217.47,447.81,85.091,82.812,0.99902
1960.5,0.05,217.59,447.91,85.117,82.817,0.99936
1960.6,0.05,217.7,448.01,85.142,82.822,0.99969
1960.7,0.05,217.82,448.1,85.168,82.826,1
1960.8,0.05,217.94,448.2,85.194,82.831,1.0004
1960.9,0.05,218.06,448.3,85.219,82.836,1.0007
1961,0.05,218.17,448.39,85.246,82.841,1.0011
1961.1,0.05,218.29,448.49,85.272,82.846,1.0014
1961.2,0.05,218.41,448.59,85.298,82.851,1.0018
1961.3,0.05,218.53,448.68,85.325,82.856,1.0021
1961.4,0.05,218.65,448.78,85.352,82.861,1.0025
1961.5,0.05,218.77,448.88,85.378,82.866,1.0028
1961.6,0.05,218.89,448.98,85.406,82.871,1.0032
1961.7,0.05,219.01,449.07,85.433,82.877,1.0036
1961.8,0.05,219.13,449.17,85.46,82.882,1.0039
1961.9,0.05,219.26,449.27,85.488,82.887,1.0043
1962,0.05,219.38,449.37,85.515,82.893,1.0047
1962.1,0.05,219.51,449.46,85.543,82.899,1.005
1962.2,0.05,219.63,449.56,85.571,82.904,1.0054
1962.3,0.05,219.76,449.66,85.6,82.91,1.0058
1962.4,0.05,219.89,449.76,85.628,82.916,1.0062
1962.5,0.05,220.02,449.85,85.657,82.921,1.0065
1962.6,0.05,220.15,449.95,85.685,82.927,1.0069
1962.7,0.05,220.28,450.05,85.714,82.933,1.0073
1962.8,0.05,220.41,450.15,85.744,82.939,1.0077
1962.9,0.05,220.54,450.25,85.773,82.945,1.0081
1963,0.05,220.68,450.34,85.802,82.951,1.0085
1963.1,0.05,220.81,450.44,85.832,82.958,1.0089
1963.2,0.05,220.95,450.54,85.862,82.964,1.0093
1963.3,0.05,221.09,450.64,85.892,82.97,1.0097
1963.4,0.05,221.23,450.74,85.922,82.977,1.0101
1963.5,0.05,221.37,450.84,85.953,82.983,1.0105
1963.6,0.05,221.51,450.94,85.984,82.99,1.0109
1963.7,0.05,221.65,451.04,86.014,82.996,1.0113
1963.8,0.05,221.8,451.14,86.046,83.003,1.0117
1963.9,0.05,221.94,451.23,86.077,83.01,1.0122
1964,0.05,222.09,451.33,86.108,83.016,1.0126
1964.1,0.05,222.23,451.43,86.14,83.023,1.013
1964.2,0.05,222.38,451.53,86.172,83.03,1.0134
1964.3,0.05,222.53,451.63,86.204,83.037,1.0139
1964.4,0.05,222.68,451.73,86.237,83.044,1.0143
1964.5,0.05,222.83,451.83,86.269,83.051,1.0147
1964.6,0.05,222.98,451.93,86.302,83.058,1.0152
1964.7,0.05,223.14,452.03,86.335,83.066,1.0156
1964.8,0.05,223.29,452.13,86.368,83.073,1.0161
1964.9,0.05,223.44,452.23,86.402,83.08,1.0165
1965,0.05,223.6,452.33,86.435,83.088,1.017
1965.1,0.05,223.76,452.43,86.469,83.096,1.0174
1965.2,0.05,223.91,452.53,86.503,83.103,1.0179
1965.3,0.05,224.07,452.63,86.538,83.111,1.0183
1965.4,0.05,224.23,452.73,86.572,83.119,1.0188
1965.5,0.05,224.39,452.83,86.607,83.126,1.0193
1965.6,0.05,224.55,452.94,86.642,83.134,1.0197
1965.7,0.05,224.72,453.04,86.677,83.142,1.0202
1965.8,0.05,224.88,453.14,86.713,83.15,1.0207
1965.9,0.05,225.05,453.24,86.748,83.158,1.0212
1966,0.05,225.21,453.34,86.784,83.167,1.0216
1966.1,0.05,225.38,453.44,86.821,83.175,1.0221
1966.2,0.05,225.55,453.54,86.857,83.183,1.0226
1966.3,0.05,225.71,453.64,86.894,83.192,1.0231
1966.4,0.05,225.88,453.75,86.931,83.2,1.0236
1966.5,0.05,226.05,453.85,86.968,83.209,1.0241
1966.6,0.05,226.22,453.95,87.005,83.217,1.0246
1966.7,0.05,226.39,454.05,87.043,83.226,1.0251
1966.8,0.05,226.56,454.15,87.08,83.235,1.0256
1966.9,0.05,226.74,454.26,87.118,83.244,1.0261
1967,0.05,226.91,454.36,87.157,83.253,1.0266
1967.1,0.05,227.08,454.46,87.195,83.262,1.0272
1967.2,0.05,227.25,454.56,87.234,83.271,1.0277
1967.3,0.05,227.43,454.67,87.273,83.28,1.0282
1967.4,0.05,227.61,454.77,87.312,83.289,1.0287
1967.5,0.05,227.78,454.87,87.352,83.299,1.0293
1967.6,0.05,227.96,454.98,87.391,83.308,1.0298
1967.7,0.05,228.14,455.08,87.431,83.318,1.0303
1967.8,0.05,228.33,455.18,87.471,83.327,1.0309
1967.9,0.05,228.51,455.29,87.512,83.337,1.0314
1968,0.05,228.69,455.39,87.552,83.347,1.032
1968.1,0.05,228.88,455.49,87.593,83.357,1.0325
1968.2,0.05,229.06,455.6,87.634,83.366,1.0331
1968.3,0.05,229.25,455.7,87.676,83.376,1.0336
1968.4,0.05,229.44,455.81,87.717,83.387,1.0342
1968.5,0.05,229.64,455.91,87.759,83.397,1.0348
1968.6,0.05,229.83,456.01,87.801,83.407,1.0353
1968.7,0.05,230.02,456.12,87.844,83.417,1.0359
1968.8,0.05,230.22,456.22,87.887,83.428,1.0365
1968.9,0.05,230.42,456.33,87.93,83.438,1.037
1969,0.05,230.62,456.43,87.973,83.449,1.0376
1969.1,0.05,230.82,456.54,88.016,83.459,1.0382
1969.2,0.05,231.02,456.64,88.06,83.47,1.0388
1969.3,0.05,231.23,456.75,88.104,83.481,1.0394
1969.4,0.05,231.43,456.85,88.149,83.492,1.04
1969.5,0.05,231.64,456.96,88.193,83.503,1.0406
1969.6,0.05,231.85,457.06,88.238,83.514,1.0412
1969.7,0.05,232.07,457.17,88.284,83.525,1.0418
1969.8,0.05,232.28,457.28,88.329,83.536,1.0424
1969.9,0.05,232.5,457.38,88.375,83.548,1.0431
1970,0.05,232.72,457.49,88.421,83.559,1.0437
1970.1,0.05,232.94,457.6,88.468,83.571,1.0443
1970.2,0.05,233.17,457.7,88.515,83.582,1.0449
1970.3,0.05,233.39,457.81,88.562,83.594,1.0456
1970.4,0.05,233.61,457.92,88.609,83.606,1.0462
1970.5,0.05,233.84,458.02,88.657,83.618,1.0469
1970.6,0.05,234.06,458.13,88.705,83.63,1.0475
1970.7,0.05,234.29,458.24,88.753,83.642,1.0482
1970.8,0.05,234.52,458.35,88.802,83.654,1.0488
1970.9,0.05,234.75,458.45,88.851,83.666,1.0495
1971,0.05,234.98,458.56,88.901,83.679,1.0502
1971.1,0.05,235.21,458.67,88.95,83.691,1.0508
1971.2,0.05,235.44,458.78,89,83.704,1.0515
1971.3,0.05,235.67,458.88,89.051,83.716,1.0522
1971.4,0.05,235.9,458.99,89.101,83.729,1.0529
1971.5,0.05,236.14,459.1,89.152,83.742,1.0536
1971.6,0.05,236.37,459.21,89.203,83.755,1.0543
1971.7,0.05,236.61,459.32,89.255,83.768,1.055
1971.8,0.05,236.85,459.43,89.307,83.781,1.0557
1971.9,0.05,237.09,459.54,89.359,83.794,1.0564
1972,0.05,237.33,459.65,89.411,83.808,1.0571
1972.1,0.05,237.57,459.76,89.464,83.821,1.0578
1972.2,0.05,237.81,459.87,89.517,83.835,1.0585
1972.3,0.05,238.05,459.98,89.571,83.848,1.0592
1972.4,0.05,238.3,460.09,89.625,83.862,1.06
1972.5,0.05,238.55,460.2,89.679,83.876,1.0607
1972.6,0.05,238.8,460.31,89.733,83.89,1.0615
1972.7,0.05,239.05,460.42,89.788,83.904,1.0622
1972.8,0.05,239.3,460.53,89.843,83.918,1.0629
1972.9,0.05,239.56,460.64,89.898,83.932,1.0637
1973,0.05,239.81,460.75,89.954,83.947,1.0644
1973.1,0.05,240.07,460.86,90.01,83.961,1.0652
1973.2,0.05,240.32,460.97,90.066,83.976,1.066
1973.3,0.05,240.58,461.09,90.123,83.99,1.0667
1973.4,0.05,240.83,461.2,90.18,84.005,1.0675
1973.5,0.05,241.09,461.31,90.238,84.02,1.0683
1973.6,0.05,241.34,461.42,90.295,84.035,1.0691
1973.7,0.05,241.6,461.53,90.353,84.05,1.0699
1973.8,0.05,241.85,461.65,90.411,84.065,1.0707
1973.9,0.05,242.1,461.76,90.47,84.081,1.0715
1974,0.05,242.35,461.87,90.529,84.096,1.0723
1974.1,0.05,242.61,461.98,90.588,84.112,1.0731
1974.2,0.05,242.86,462.1,90.647,84.127,1.0739
1974.3,0.05,243.11,462.21,90.707,84.143,1.0747
1974.4,0.05,243.36,462.32,90.767,84.159,1.0755
1974.5,0.05,243.6,462.44,90.827,84.175,1.0763
1974.6,0.05,243.85,462.55,90.887,84.191,1.0771
1974.7,0.05,244.1,462.67,90.948,84.207,1.078
1974.8,0.05,244.34,462.78,91.008,84.223,1.0788
1974.9,0.05,244.59,462.9,91.069,84.24,1.0796
1975,0.05,244.83,463.01,91.131,84.256,1.0805
1975.1,0.05,245.08,463.12,91.192,84.273,1.0813
1975.2,0.05,245.33,463.24,91.254,84.289,1.0822
1975.3,0.05,245.57,463.35,91.316,84.306,1.083
1975.4,0.05,245.83,463.47,91.378,84.323,1.0839
1975.5,0.05,246.08,463.59,91.44,84.34,1.0847
1975.6,0.05,246.33,463.7,91.503,84.357,1.0856
1975.7,0.05,246.59,463.82,91.566,84.375,1.0864
1975.8,0.05,246.85,463.93,91.629,84.392,1.0873
1975.9,0.05,247.11,464.05,91.692,84.409,1.0882
1976,0.05,247.38,464.16,91.756,84.427,1.089
1976.1,0.05,247.64,464.28,91.82,84.445,1.0899
1976.2,0.05,247.91,464.4,91.884,84.462,1.0908
1976.3,0.05,248.17,464.51,91.948,84.48,1.0917
1976.4,0.05,248.44,464.63,92.013,84.498,1.0926
1976.5,0.05,248.71,464.75,92.078,84.516,1.0935
1976.6,0.05,248.98,464.87,92.143,84.535,1.0944
1976.7,0.05,249.25,464.98,92.208,84.553,1.0953
1976.8,0.05,249.52,465.1,92.274,84.571,1.0962
1976.9,0.05,249.79,465.22,92.34,84.59,1.0971
1977,0.05,250.06,465.34,92.406,84.609,1.098
1977.1,0.05,250.34,465.46,92.472,84.627,1.0989
1977.2,0.05,250.61,465.57,92.539,84.646,1.0998
1977.3,0.05,250.88,465.69,92.606,84.665,1.1007
1977.4,0.05,251.16,465.81,92.673,84.684,1.1017
1977.5,0.05,251.43,465.93,92.741,84.704,1.1026
1977.6,0.05,251.7,466.05,92.808,84.723,1.1035
1977.7,0.05,251.98,466.17,92.876,84.742,1.1045
1977.8,0.05,252.25,466.29,92.944,84.762,1.1054
1977.9,0.05,252.52,466.41,93.013,84.782,1.1064
1978,0.05,252.8,466.53,93.081,84.801,1.1073
1978.1,0.05,253.07,466.65,93.15,84.821,1.1082
1978.2,0.05,253.35,466.77,93.219,84.841,1.1092
1978.3,0.05,253.63,466.89,93.289,84.861,1.1102
1978.4,0.05,253.91,467.01,93.358,84.882,1.1111
1978.5,0.05,254.19,467.13,93.428,84.902,1.1121
1978.6,0.05,254.48,467.25,93.498,84.922,1.1131
1978.7,0.05,254.76,467.37,93.568,84.943,1.114
1978.8,0.05,255.05,467.5,93.639,84.964,1.115
1978.9,0.05,255.34,467.62,93.71,84.984,1.116
1979,0.05,255.64,467.74,93.781,85.005,1.117
1979.1,0.05,255.93,467.86,93.852,85.026,1.118
1979.2,0.05,256.23,467.98,93.924,85.047,1.119
1979.3,0.05,256.52,468.11,93.996,85.069,1.12
1979.4,0.05,256.81,468.23,94.068,85.09,1.121
1979.5,0.05,257.1,468.35,94.14,85.111,1.122
1979.6,0.05,257.39,468.48,94.213,85.133,1.123
1979.7,0.05,257.67,468.6,94.286,85.155,1.124
1979.8,0.05,257.96,468.72,94.359,85.176,1.125
1979.9,0.05,258.25,468.85,94.432,85.198,1.126
1980,0.05,258.53,468.97,94.506,85.22,1.127
1980.1,0.05,258.81,469.09,94.579,85.242,1.1281
1980.2,0.05,259.09,469.22,94.653,85.265,1.1291
1980.3,0.05,259.37,469.34,94.727,85.287,1.1301
1980.4,0.05,259.65,469.47,94.802,85.309,1.1312
1980.5,0.05,259.92,469.59,94.876,85.332,1.1322
1980.6,0.05,260.2,469.72,94.951,85.355,1.1332
1980.7,0.05,260.47,469.84,95.025,85.378,1.1343
1980.8,0.05,260.74,469.97,95.1,85.4,1.1353
1980.9,0.05,261,470.09,95.175,85.423,1.1364
1981,0.05,261.27,470.22,95.25,85.447,1.1374
1981.1,0.05,261.53,470.35,95.325,85.47,1.1385
1981.2,0.05,261.8,470.47,95.4,85.493,1.1395
1981.3,0.05,262.06,470.6,95.476,85.517,1.1406
1981.4,0.05,262.32,470.72,95.551,85.54,1.1416
1981.5,0.05,262.58,470.85,95.627,85.564,1.1427
1981.6,0.05,262.84,470.98,95.702,85.587,1.1437
1981.7,0.05,263.1,471.11,95.778,85.611,1.1448
1981.8,0.05,263.36,471.23,95.854,85.635,1.1459
1981.9,0.05,263.61,471.36,95.929,85.659,1.1469
1982,0.05,263.87,471.49,96.005,85.684,1.148
1982.1,0.05,264.12,471.62,96.081,85.708,1.1491
1982.2,0.05,264.38,471.74,96.157,85.732,1.1501
1982.3,0.05,264.64,471.87,96.233,85.757,1.1512
1982.4,0.05,264.89,472,96.309,85.781,1.1523
1982.5,0.05,265.14,472.13,96.385,85.806,1.1533
1982.6,0.05,265.4,472.26,96.462,85.831,1.1544
1982.7,0.05,265.65,472.39,96.538,85.856,1.1555
1982.8,0.05,265.9,472.51,96.614,85.881,1.1566
1982.9,0.05,266.15,472.64,96.69,85.906,1.1577
1983,0.05,266.41,472.77,96.767,85.931,1.1587
1983.1,0.05,266.66,472.9,96.843,85.956,1.1598
1983.2,0.05,266.91,473.03,96.919,85.982,1.1609
1983.3,0.05,267.17,473.16,96.996,86.007,1.162
1983.4,0.05,267.42,473.29,97.072,86.033,1.1631
1983.5,0.05,267.68,473.42,97.149,86.058,1.1641
1983.6,0.05,267.94,473.55,97.226,86.084,1.1652
1983.7,0.05,268.2,473.68,97.302,86.11,1.1663
1983.8,0.05,268.46,473.81,97.379,86.136,1.1674
1983.9,0.05,268.72,473.94,97.456,86.162,1.1685
1984,0.05,268.99,474.07,97.533,86.188,1.1696
1984.1,0.05,269.25,474.21,97.61,86.214,1.1707
1984.2,0.05,269.52,474.34,97.687,86.241,1.1718
1984.3,0.05,269.79,474.47,97.764,86.267,1.1729
1984.4,0.05,270.06,474.6,97.841,86.294,1.174
1984.5,0.05,270.33,474.73,97.918,86.32,1.1751
1984.6,0.05,270.6,474.86,97.996,86.347,1.1762
1984.7,0.05,270.87,475,98.073,86.374,1.1773
1984.8,0.05,271.15,475.13,98.151,86.401,1.1784
1984.9,0.05,271.42,475.26,98.228,86.428,1.1795
1985,0.05,271.7,475.39,98.306,86.455,1.1806
1985.1,0.05,271.98,475.53,98.384,86.482,1.1817
1985.2,0.05,272.25,475.66,98.462,86.509,1.1828
1985.3,0.05,272.53,475.79,98.54,86.537,1.1839
1985.4,0.05,272.81,475.93,98.618,86.564,1.185
1985.5,0.05,273.1,476.06,98.697,86.591,1.1861
1985.6,0.05,273.38,476.2,98.775,86.619,1.1873
1985.7,0.05,273.66,476.33,98.854,86.647,1.1884
1985.8,0.05,273.95,476.46,98.932,86.675,1.1895
1985.9,0.05,274.24,476.6,99.011,86.702,1.1906
1986,0.05,274.52,476.73,99.09,86.73,1.1918
1986.1,0.05,274.81,476.87,99.169,86.758,1.1929
1986.2,0.05,275.1,477,99.249,86.786,1.194
1986.3,0.05,275.39,477.14,99.328,86.815,1.1952
1986.4,0.05,275.69,477.27,99.407,86.843,1.1963
1986.5,0.05,275.98,477.41,99.487,86.871,1.1974
1986.6,0.05,276.27,477.55,99.567,86.9,1.1986
1986.7,0.05,276.57,477.68,99.647,86.928,1.1997
1986.8,0.05,276.86,477.82,99.727,86.957,1.2009
1986.9,0.05,277.16,477.96,99.807,86.986,1.202
1987,0.05,277.46,478.09,99.887,87.015,1.2032
1987.1,0.05,277.75,478.23,99.968,87.043,1.2043
1987.2,0.05,278.05,478.37,100.05,87.072,1.2055
1987.3,0.05,278.36,478.5,100.13,87.102,1.2066
1987.4,0.05,278.66,478.64,100.21,87.131,1.2078
1987.5,0.05,278.96,478.78,100.29,87.16,1.209
1987.6,0.05,279.27,478.92,100.37,87.189,1.2101
1987.7,0.05,279.58,479.06,100.45,87.219,1.2113
1987.8,0.05,279.89,479.19,100.54,87.248,1.2125
1987.9,0.05,280.2,479.33,100.62,87.278,1.2136
1988,0.05,280.51,479.47,100.7,87.307,1.2148
1988.1,0.05,280.83,479.61,100.78,87.337,1.216
1988.2,0.05,281.14,479.75,100.86,87.367,1.2172
1988.3,0.05,281.45,479.89,100.95,87.397,1.2183
1988.4,0.05,281.77,480.03,101.03,87.427,1.2195
1988.5,0.05,282.09,480.17,101.11,87.457,1.2207
1988.6,0.05,282.4,480.31,101.19,87.487,1.2219
1988.7,0.05,282.72,480.45,101.28,87.517,1.2231
1988.8,0.05,283.04,480.59,101.36,87.548,1.2243
1988.9,0.05,283.36,480.73,101.44,87.578,1.2255
1989,0.05,283.68,480.87,101.53,87.609,1.2267
1989.1,0.05,284,481.01,101.61,87.639,1.2279
1989.2,0.05,284.32,481.15,101.7,87.67,1.2291
1989.3,0.05,284.64,481.3,101.78,87.701,1.2303
1989.4,0.05,284.96,481.44,101.86,87.731,1.2316
1989.5,0.05,285.28,481.58,101.95,87.762,1.2328
1989.6,0.05,285.6,481.72,102.03,87.793,1.234
1989.7,0.05,285.92,481.86,102.12,87.825,1.2352
1989.8,0.05,286.24,482.01,102.2,87.856,1.2364
1989.9,0.05,286.55,482.15,102.29,87.887,1.2377
1990,0.05,286.87,482.29,102.37,87.918,1.2389
1990.1,0.05,287.19,482.44,102.46,87.95,1.2401
1990.2,0.05,287.51,482.58,102.55,87.981,1.2414
1990.3,0.05,287.82,482.72,102.63,88.013,1.2426
1990.4,0.05,288.14,482.87,102.72,88.044,1.2438
1990.5,0.05,288.46,483.01,102.8,88.076,1.2451
1990.6,0.05,288.78,483.16,102.89,88.108,1.2463
1990.7,0.05,289.09,483.3,102.98,88.14,1.2476
1990.8,0.05,289.41,483.45,103.06,88.172,1.2488
1990.9,0.05,289.73,483.59,103.15,88.204,1.2501
1991,0.05,290.05,483.74,103.23,88.236,1.2513
1991.1,0.05,290.37,483.88,103.32,88.268,1.2526
1991.2,0.05,290.69,484.03,103.41,88.301,1.2538
1991.3,0.05,291,484.17,103.5,88.333,1.2551
1991.4,0.05,291.32,484.32,103.58,88.366,1.2564
1991.5,0.05,291.63,484.47,103.67,88.398,1.2576
1991.6,0.05,291.95,484.61,103.76,88.431,1.2589
1991.7,0.05,292.26,484.76,103.84,88.463,1.2602
1991.8,0.05,292.57,484.91,103.93,88.496,1.2614
1991.9,0.05,292.88,485.05,104.02,88.529,1.2627
1992,0.05,293.19,485.2,104.11,88.562,1.264
1992.1,0.05,293.5,485.35,104.2,88.595,1.2652
1992.2,0.05,293.81,485.5,104.28,88.628,1.2665
1992.3,0.05,294.12,485.65,104.37,88.661,1.2678
1992.4,0.05,294.43,485.79,104.46,88.695,1.2691
1992.5,0.05,294.73,485.94,104.55,88.728,1.2703
1992.6,0.05,295.04,486.09,104.63,88.761,1.2716
1992.7,0.05,295.35,486.24,104.72,88.795,1.2729
1992.8,0.05,295.65,486.39,104.81,88.828,1.2742
1992.9,0.05,295.96,486.54,104.9,88.862,1.2755
1993,0.05,296.26,486.69,104.99,88.896,1.2768
1993.1,0.05,296.57,486.84,105.08,88.929,1.278
1993.2,0.05,296.87,486.99,105.16,88.963,1.2793
1993.3,0.05,297.18,487.14,105.25,88.997,1.2806
1993.4,0.05,297.49,487.29,105.34,89.031,1.2819
1993.5,0.05,297.8,487.44,105.43,89.065,1.2832
1993.6,0.05,298.1,487.59,105.52,89.099,1.2845
1993.7,0.05,298.41,487.74,105.61,89.133,1.2858
1993.8,0.05,298.72,487.89,105.69,89.168,1.2871
1993.9,0.05,299.03,488.04,105.78,89.202,1.2884
1994,0.05,299.35,488.2,105.87,89.236,1.2897
1994.1,0.05,299.66,488.35,105.96,89.271,1.291
1994.2,0.05,299.97,488.5,106.05,89.305,1.2923
1994.3,0.05,300.28,488.65,106.14,89.34,1.2936
1994.4,0.05,300.6,488.8,106.23,89.375,1.2949
1994.5,0.05,300.91,488.96,106.32,89.409,1.2962
1994.6,0.05,301.23,489.11,106.41,89.444,1.2975
1994.7,0.05,301.55,489.26,106.5,89.479,1.2988
1994.8,0.05,301.87,489.42,106.58,89.514,1.3001
1994.9,0.05,302.19,489.57,106.67,89.549,1.3014
1995,0.05,302.51,489.72,106.76,89.584,1.3027
1995.1,0.05,302.83,489.88,106.85,89.619,1.304
1995.2,0.05,303.15,490.03,106.94,89.654,1.3053
1995.3,0.05,303.47,490.19,107.03,89.689,1.3067
1995.4,0.05,303.8,490.34,107.12,89.725,1.308
1995.5,0.05,304.12,490.5,107.21,89.76,1.3093
1995.6,0.05,304.45,490.65,107.3,89.796,1.3106
1995.7,0.05,304.77,490.81,107.39,89.831,1.3119
1995.8,0.05,305.1,490.96,107.48,89.867,1.3133
1995.9,0.05,305.43,491.12,107.57,89.902,1.3146
1996,0.05,305.76,491.27,107.66,89.938,1.3159
1996.1,0.05,306.09,491.43,107.75,89.974,1.3172
1996.2,0.05,306.42,491.59,107.84,90.01,1.3186
1996.3,0.05,306.75,491.74,107.93,90.045,1.3199
1996.4,0.05,307.09,491.9,108.02,90.081,1.3212
1996.5,0.05,307.42,492.06,108.12,90.117,1.3226
1996.6,0.05,307.75,492.22,108.21,90.153,1.3239
1996.7,0.05,308.09,492.37,108.3,90.189,1.3253
1996.8,0.05,308.42,492.53,108.39,90.226,1.3266
1996.9,0.05,308.76,492.69,108.48,90.262,1.3279
1997,0.05,309.1,492.85,108.57,90.298,1.3293
1997.1,0.05,309.43,493.01,108.66,90.334,1.3306
1997.2,0.05,309.77,493.16,108.75,90.371,1.332
1997.3,0.05,310.11,493.32,108.84,90.407,1.3333
1997.4,0.05,310.44,493.48,108.94,90.444,1.3347
1997.5,0.05,310.78,493.64,109.03,90.48,1.336
1997.6,0.05,311.11,493.8,109.12,90.517,1.3374
1997.7,0.05,311.45,493.96,109.21,90.554,1.3388
1997.8,0.05,311.78,494.12,109.3,90.591,1.3401
1997.9,0.05,312.12,494.28,109.4,90.627,1.3415
1998,0.05,312.45,494.44,109.49,90.664,1.3428
1998.1,0.05,312.79,494.6,109.58,90.701,1.3442
1998.2,0.05,313.12,494.76,109.67,90.738,1.3456
1998.3,0.05,313.46,494.93,109.77,90.775,1.3469
1998.4,0.05,313.79,495.09,109.86,90.812,1.3483
1998.5,0.05,314.12,495.25,109.95,90.849,1.3497
1998.6,0.05,314.46,495.41,110.04,90.887,1.3511
1998.7,0.05,314.79,495.57,110.14,90.924,1.3524
1998.8,0.05,315.12,495.73,110.23,90.961,1.3538
1998.9,0.05,315.45,495.9,110.32,90.998,1.3552
1999,0.05,315.78,496.06,110.41,91.036,1.3565
1999.1,0.05,316.11,496.22,110.51,91.073,1.3579
1999.2,0.05,316.44,496.39,110.6,91.111,1.3593
1999.3,0.05,316.78,496.55,110.69,91.148,1.3607
1999.4,0.05,317.11,496.71,110.79,91.186,1.3621
1999.5,0.05,317.45,496.88,110.88,91.224,1.3634
1999.6,0.05,317.78,497.04,110.97,91.261,1.3648
1999.7,0.05,318.12,497.21,111.07,91.299,1.3662
1999.8,0.05,318.46,497.37,111.16,91.337,1.3676
1999.9,0.05,318.8,497.54,111.25,91.375,1.369
2000,0.05,319.15,497.7,111.35,91.413,1.3704
2000.1,0.05,319.49,497.87,111.44,91.451,1.3718
2000.2,0.05,319.83,498.03,111.53,91.489,1.3732
2000.3,0.05,320.18,498.2,111.63,91.527,1.3746
2000.4,0.05,320.53,498.36,111.72,91.565,1.376
2000.5,0.05,320.88,498.53,111.81,91.603,1.3774
2000.6,0.05,321.22,498.7,111.91,91.641,1.3788
2000.7,0.05,321.57,498.86,112,91.68,1.3802
2000.8,0.05,321.93,499.03,112.1,91.718,1.3816
2000.9,0.05,322.28,499.2,112.19,91.756,1.383
2001,0.05,322.63,499.36,112.28,91.795,1.3844
2001.1,0.05,322.99,499.53,112.38,91.833,1.3858
2001.2,0.05,323.34,499.7,112.47,91.872,1.3872
2001.3,0.05,323.7,499.87,112.57,91.91,1.3886
2001.4,0.05,324.06,500.04,112.66,91.949,1.39
2001.5,0.05,324.41,500.21,112.76,91.987,1.3914
2001.6,0.05,324.77,500.37,112.85,92.026,1.3929
2001.7,0.05,325.13,500.54,112.95,92.065,1.3943
2001.8,0.05,325.49,500.71,113.04,92.104,1.3957
2001.9,0.05,325.85,500.88,113.14,92.142,1.3971
2002,0.05,326.21,501.05,113.23,92.181,1.3985
2002.1,0.05,326.57,501.22,113.33,92.22,1.4
2002.2,0.05,326.93,501.39,113.42,92.259,1.4014
2002.3,0.05,327.3,501.56,113.52,92.298,1.4028
2002.4,0.05,327.67,501.73,113.62,92.337,1.4043
2002.5,0.05,328.05,501.91,113.71,92.376,1.4057
2002.6,0.05,328.43,502.08,113.81,92.415,1.4071
2002.7,0.05,328.81,502.25,113.9,92.455,1.4086
2002.8,0.05,329.19,502.42,114,92.494,1.41
2002.9,0.05,329.58,502.59,114.1,92.533,1.4115
2003,0.05,329.97,502.77,114.19,92.572,1.4129
2003.1,0.05,330.36,502.94,114.29,92.612,1.4144
2003.2,0.05,330.76,503.11,114.39,92.651,1.4158
2003.3,0.05,331.16,503.28,114.49,92.69,1.4173
2003.4,0.05,331.56,503.46,114.58,92.73,1.4188
2003.5,0.05,331.97,503.63,114.68,92.769,1.4202
2003.6,0.05,332.37,503.81,114.78,92.809,1.4217
2003.7,0.05,332.78,503.98,114.88,92.849,1.4232
2003.8,0.05,333.2,504.15,114.98,92.888,1.4246
2003.9,0.05,333.62,504.33,115.07,92.928,1.4261
2004,0.05,334.04,504.5,115.17,92.968,1.4276
2004.1,0.05,334.46,504.68,115.27,93.007,1.4291
2004.2,0.05,334.88,504.86,115.37,93.047,1.4306
2004.3,0.05,335.31,505.03,115.47,93.087,1.4321
2004.4,0.05,335.74,505.21,115.57,93.127,1.4336
2004.5,0.05,336.17,505.38,115.67,93.167,1.4351
2004.6,0.05,336.6,505.56,115.77,93.207,1.4366
2004.7,0.05,337.04,505.74,115.87,93.247,1.4381
2004.8,0.05,337.48,505.92,115.97,93.287,1.4396
2004.9,0.05,337.92,506.09,116.07,93.327,1.4411
2005,0.05,338.36,506.27,116.18,93.368,1.4427
2005.1,0.05,338.81,506.45,116.28,93.408,1.4442
2005.2,0.05,339.25,506.63,116.38,93.448,1.4457
2005.3,0.05,339.7,506.81,116.48,93.488,1.4473
2005.4,0.05,340.15,506.99,116.59,93.529,1.4488
2005.5,0.05,340.61,507.17,116.69,93.569,1.4504
2005.6,0.05,341.06,507.35,116.79,93.61,1.4519
2005.7,0.05,341.52,507.53,116.9,93.65,1.4535
2005.8,0.05,341.98,507.71,117,93.691,1.455
2005.9,0.05,342.44,507.89,117.1,93.731,1.4566
2006,0.05,342.91,508.07,117.21,93.772,1.4582
2006.1,0.05,343.37,508.25,117.31,93.813,1.4597
2006.2,0.05,343.84,508.44,117.42,93.854,1.4613
2006.3,0.05,344.31,508.62,117.52,93.894,1.4629
2006.4,0.05,344.77,508.8,117.63,93.935,1.4645
2006.5,0.05,345.24,508.98,117.74,93.976,1.4661
2006.6,0.05,345.71,509.17,117.84,94.017,1.4677
2006.7,0.05,346.18,509.35,117.95,94.058,1.4693
2006.8,0.05,346.66,509.53,118.06,94.099,1.4709
2006.9,0.05,347.13,509.72,118.16,94.14,1.4725
2007,0.05,347.6,509.9,118.27,94.182,1.4741
2007.1,0.05,348.08,510.09,118.38,94.223,1.4757
2007.2,0.05,348.55,510.27,118.49,94.264,1.4774
2007.3,0.05,349.03,510.46,118.59,94.306,1.479
2007.4,0.05,349.51,510.64,118.7,94.347,1.4806
2007.5,0.05,350,510.83,118.81,94.388,1.4823
2007.6,0.05,350.48,511.02,118.92,94.43,1.4839
2007.7,0.05,350.97,511.2,119.03,94.471,1.4856
2007.8,0.05,351.46,511.39,119.14,94.513,1.4872
2007.9,0.05,351.95,511.58,119.25,94.555,1.4889
2008,0.05,352.44,511.77,119.36,94.596,1.4906
2008.1,0.05,352.93,511.95,119.47,94.638,1.4922
2008.2,0.05,353.42,512.14,119.58,94.68,1.4939
2008.3,0.05,353.91,512.33,119.69,94.722,1.4956
2008.4,0.05,354.4,512.52,119.81,94.764,1.4973
2008.5,0.05,354.89,512.71,119.92,94.806,1.499
2008.6,0.05,355.37,512.9,120.03,94.848,1.5007
2008.7,0.05,355.86,513.09,120.14,94.89,1.5024
2008.8,0.05,356.34,513.28,120.26,94.932,1.5041
2008.9,0.05,356.82,513.47,120.37,94.974,1.5058
2009,0.05,357.3,513.66,120.48,95.016,1.5075
2009.1,0.05,357.78,513.86,120.59,95.058,1.5092
2009.2,0.05,358.27,514.05,120.71,95.101,1.5109
2009.3,0.05,358.76,514.24,120.82,95.143,1.5126
2009.4,0.05,359.25,514.43,120.94,95.185,1.5143
2009.5,0.05,359.74,514.63,121.05,95.228,1.5161
2009.6,0.05,360.24,514.82,121.16,95.27,1.5178
2009.7,0.05,360.74,515.01,121.28,95.313,1.5196
2009.8,0.05,361.25,515.21,121.39,95.356,1.5213
2009.9,0.05,361.76,515.4,121.51,95.398,1.523
2010,0.05,362.27,515.6,121.63,95.441,1.5248
2010.1,0.05,362.78,515.79,121.74,95.484,1.5266
2010.2,0.05,363.3,515.99,121.86,95.527,1.5283
2010.3,0.05,363.82,516.18,121.97,95.57,1.5301
2010.4,0.05,364.35,516.38,122.09,95.612,1.5319
2010.5,0.05,364.87,516.57,122.21,95.655,1.5336
2010.6,0.05,365.4,516.77,122.33,95.698,1.5354
2010.7,0.05,365.93,516.97,122.44,95.742,1.5372
2010.8,0.05,366.47,517.17,122.56,95.785,1.539
2010.9,0.05,367.01,517.36,122.68,95.828,1.5408
2011,0.05,367.55,517.56,122.8,95.871,1.5426
2011.1,0.05,368.09,517.76,122.92,95.914,1.5444
2011.2,0.05,368.63,517.96,123.04,95.958,1.5462
2011.3,0.05,369.18,518.16,123.16,96.001,1.548
2011.4,0.05,369.72,518.36,123.28,96.045,1.5499
2011.5,0.05,370.27,518.56,123.4,96.088,1.5517
2011.6,0.05,370.82,518.76,123.52,96.132,1.5535
2011.7,0.05,371.37,518.96,123.64,96.175,1.5554
2011.8,0.05,371.91,519.16,123.76,96.219,1.5572
2011.9,0.05,372.46,519.36,123.88,96.263,1.5591
2012,0.05,373.01,519.57,124,96.306,1.5609
2012.1,0.05,373.57,519.77,124.12,96.35,1.5628
2012.2,0.05,374.12,519.97,124.25,96.394,1.5646
2012.3,0.05,374.67,520.18,124.37,96.438,1.5665
2012.4,0.05,375.22,520.38,124.49,96.482,1.5684
2012.5,0.05,375.77,520.58,124.61,96.526,1.5703
2012.6,0.05,376.32,520.79,124.74,96.57,1.5722
2012.7,0.05,376.88,520.99,124.86,96.614,1.5741
2012.8,0.05,377.43,521.2,124.99,96.658,1.576
2012.9,0.05,377.98,521.4,125.11,96.702,1.5779
2013,0.05,378.53,521.61,125.24,96.747,1.5798
2013.1,0.05,379.09,521.82,125.36,96.791,1.5817
2013.2,0.05,379.64,522.02,125.49,96.835,1.5836
2013.3,0.05,380.19,522.23,125.61,96.88,1.5855
2013.4,0.05,380.75,522.44,125.74,96.924,1.5874
2013.5,0.05,381.3,522.65,125.86,96.969,1.5894
2013.6,0.05,381.86,522.85,125.99,97.013,1.5913
2013.7,0.05,382.41,523.06,126.11,97.058,1.5932
2013.8,0.05,382.96,523.27,126.24,97.102,1.5952
2013.9,0.05,383.52,523.48,126.37,97.147,1.5971
2014,0.05,384.07,523.69,126.49,97.192,1.5991
