1800,0,0,0,0,0,0
1800.1,0,0.07024,2.6375e-05,-0.001948,-0.039951,7.9958e-06
1800.2,0,0.1399,0.0001052,-0.0034305,-0.079786,2.0127e-05
1800.3,0,0.20899,0.00023605,-0.0044572,-0.1195,3.6319e-05
1800.4,0,0.27752,0.00041847,-0.0050379,-0.1591,5.6498e-05
1800.5,0,0.34549,0.00065206,-0.005182,-0.19858,8.0591e-05
1800.6,0,0.41291,0.00093637,-0.0048988,-0.23793,0.00010853
1800.7,0,0.47979,0.001271,-0.0041975,-0.27716,0.00014023
1800.8,0,0.54614,0.0016555,-0.0030869,-0.31626,0.00017564
1800.9,0,0.61197,0.0020896,-0.0015758,-0.35523,0.00021469
1801,0,0.67728,0.0025727,0.00032723,-0.39407,0.0002573
1801.1,0,0.74208,0.0031046,0.0026137,-0.43277,0.00030342
1801.2,0,0.80637,0.0036848,0.0052754,-0.47135,0.00035297
1801.3,0,0.87017,0.0043129,0.0083042,-0.50979,0.0004059
1801.4,0,0.93348,0.0049887,0.011692,-0.54809,0.00046213
1801.5,0,0.99631,0.0057116,0.015432,-0.58625,0.00052162
1801.6,0,1.0587,0.0064813,0.019515,-0.62427,0.00058429
1801.7,0,1.1205,0.0072975,0.023934,-0.66216,0.0006501
1801.8,0,1.182,0.0081598,0.028683,-0.6999,0.00071897
1801.9,0,1.2429,0.0090679,0.033753,-0.73749,0.00079086
1802,0,1.3034,0.010021,0.039138,-0.77494,0.0008657
1802.1,0,1.3635,0.01102,0.04483,-0.81225,0.00094344
1802.2,0,1.4231,0.012063,0.050824,-0.84941,0.001024
1802.3,0,1.4823,0.013151,0.057111,-0.88642,0.0011074
1802.4,0,1.5411,0.014283,0.063687,-0.92328,0.0011935
1802.5,0,1.5994,0.015458,0.070544,-0.95999,0.0012823
1802.6,0,1.6574,0.016677,0.077676,-0.99655,0.0013738
1802.7,0,1.7149,0.017939,0.085077,-1.033,0.0014678
1802.8,0,1.772,0.019244,0.092741,-1.0692,0.0015643
1802.9,0,1.8287,0.020591,0.10066,-1.1053,0.0016634
1803,0,1.8851,0.021981,0.10883,-1.1413,0.0017648
1803.1,0,1.941,0.023412,0.11725,-1.1771,0.0018687
1803.2,0,1.9966,0.024885,0.12591,-1.2127,0.0019749
1803.3,0,2.0517,0.0264,0.1348,-1.2482,0.0020834
1803.4,0,2.1065,0.027955,0.14392,-1.2835,0.0021942
1803.5,0,2.161,0.029551,0.15327,-1.3187,0.0023071
1803.6,0,2.2151,0.031188,0.16283,-1.3537,0.0024223
1803.7,0,2.2688,0.032864,0.17261,-1.3885,0.0025395
1803.8,0,2.3221,0.034581,0.1826,-1.4232,0.0026588
1803.9,0,2.3752,0.036337,0.19279,-1.4578,0.0027802
1804,0,2.4278,0.038133,0.20318,-1.4921,0.0029036
1804.1,0,2.4802,0.039967,0.21376,-1.5263,0.0030289
1804.2,0,2.5321,0.041841,0.22453,-1.5604,0.0031561
1804.3,0,2.5838,0.043753,0.23549,-1.5943,0.0032852
1804.4,0,2.6351,0.045703,0.24663,-1.628,0.0034162
1804.5,0,2.6862,0.047692,0.25795,-1.6616,0.0035489
1804.6,0,2.7369,0.049718,0.26944,-1.695,0.0036835
1804.7,0,2.7872,0.051782,0.28109,-1.7282,0.0038197
1804.8,0,2.8373,0.053884,0.29291,-1.7613,0.0039577
1804.9,0,2.8871,0.056022,0.3049,-1.7942,0.0040973
1805,0,2.9365,0.058198,0.31703,-1.827,0.0042385
1805.1,0,2.9857,0.06041,0.32932,-1.8596,0.0043813
1805.2,0,3.0346,0.062658,0.34176,-1.892,0.0045257
1805.3,0,3.0831,0.064943,0.35435,-1.9242,0.0046716
1805.4,0,3.1314,0.067263,0.36707,-1.9563,0.004819
1805.5,0,3.1794,0.06962,0.37994,-1.9883,0.0049678
1805.6,0,3.2272,0.072012,0.39293,-2.02,0.0051181
1805.7,0,3.2746,0.074439,0.40606,-2.0516,0.0052698
1805.8,0,3.3218,0.076901,0.41932,-2.0831,0.0054228
1805.9,0,3.3687,0.079399,0.4327,-2.1143,0.0055772
1806,0,3.4154,0.081931,0.4462,-2.1455,0.0057329
1806.1,0,3.4617,0.084497,0.45982,-2.1764,0.0058898
1806.2,0,3.5079,0.087098,0.47356,-2.2072,0.0060481
1806.3,0,3.5537,0.089733,0.48741,-2.2378,0.0062075
1806.4,0,3.5993,0.092402,0.50136,-2.2683,0.0063682
1806.5,0,3.6447,0.095104,0.51543,-2.2985,0.00653
1806.6,0,3.6898,0.09784,0.52959,-2.3287,0.0066929
1806.7,0,3.7347,0.10061,0.54386,-2.3586,0.006857
1806.8,0,3.7793,0.10341,0.55822,-2.3884,0.0070222
1806.9,0,3.8237,0.10625,0.57268,-2.4181,0.0071884
1807,0,3.8679,0.10912,0.58724,-2.4475,0.0073557
1807.1,0,3.9118,0.11202,0.60188,-2.4768,0.007524
1807.2,0,3.9555,0.11495,0.61661,-2.506,0.0076932
1807.3,0,3.999,0.11792,0.63143,-2.535,0.0078635
1807.4,0,4.0422,0.12091,0.64632,-2.5638,0.0080347
1807.5,0,4.0852,0.12394,0.6613,-2.5924,0.0082068
1807.6,0,4.128,0.127,0.67636,-2.6209,0.0083799
1807.7,0,4.1706,0.1301,0.69149,-2.6493,0.0085538
1807.8,0,4.213,0.13322,0.70669,-2.6774,0.0087286
1807.9,0,4.2552,0.13638,0.72197,-2.7054,0.0089042
1808,0,4.2972,0.13956,0.73732,-2.7333,0.0090806
1808.1,0,4.3389,0.14278,0.75273,-2.761,0.0092578
1808.2,0,4.3805,0.14603,0.76821,-2.7885,0.0094358
1808.3,0,4.4218,0.14931,0.78375,-2.8158,0.0096146
1808.4,0,4.463,0.15262,0.79935,-2.843,0.0097941
1808.5,0,4.504,0.15596,0.81501,-2.8701,0.0099743
1808.6,0,4.5447,0.15933,0.83073,-2.897,0.010155
1808.7,0,4.5853,0.16273,0.8465,-2.9237,0.010337
1808.8,0,4.6257,0.16616,0.86233,-2.9502,0.010519
1808.9,0,4.6659,0.16962,0.8782,-2.9766,0.010702
1809,0,4.7059,0.1731,0.89413,-3.0029,0.010886
1809.1,0,4.7458,0.17662,0.91011,-3.029,0.01107
1809.2,0,4.7854,0.18017,0.92613,-3.0549,0.011254
1809.3,0,4.8249,0.18375,0.9422,-3.0807,0.01144
1809.4,0,4.8642,0.18735,0.95832,-3.1063,0.011626
1809.5,0,4.9033,0.19099,0.97447,-3.1317,0.011812
1809.6,0,4.9423,0.19465,0.99067,-3.157,0.011999
1809.7,0,4.9811,0.19834,1.0069,-3.1822,0.012187
1809.8,0,5.0197,0.20206,1.0232,-3.2072,0.012374
1809.9,0,5.0582,0.20581,1.0395,-3.232,0.012563
1810,0,5.0965,0.20959,1.0558,-3.2567,0.012752
1810.1,0,5.1346,0.2134,1.0722,-3.2812,0.012941
1810.2,0,5.1726,0.21723,1.0886,-3.3056,0.013131
1810.3,0,5.2104,0.22109,1.105,-3.3298,0.013321
1810.4,0,5.2481,0.22498,1.1215,-3.3539,0.013512
1810.5,0,5.2856,0.22889,1.138,-3.3778,0.013703
1810.6,0,5.3229,0.23284,1.1545,-3.4015,0.013895
1810.7,0,5.3601,0.23681,1.1711,-3.4251,0.014086
1810.8,0,5.3972,0.24081,1.1876,-3.4486,0.014279
1810.9,0,5.4341,0.24483,1.2042,-3.4719,0.014471
1811,0,5.4709,0.24889,1.2208,-3.495,0.014664
1811.1,0,5.5075,0.25297,1.2375,-3.518,0.014857
1811.2,0,5.544,0.25707,1.2541,-3.5409,0.015051
1811.3,0,5.5803,0.2612,1.2708,-3.5636,0.015244
1811.4,0,5.6165,0.26536,1.2875,-3.5862,0.015439
1811.5,0,5.6526,0.26955,1.3042,-3.6086,0.015633
1811.6,0,5.6885,0.27376,1.3209,-3.6308,0.015828
1811.7,0,5.7243,0.278,1.3377,-3.6529,0.016023
1811.8,0,5.7599,0.28227,1.3544,-3.6749,0.016218
1811.9,0,5.7955,0.28656,1.3712,-3.6967,0.016413
1812,0,5.8309,0.29087,1.388,-3.7184,0.016609
1812.1,0,5.8661,0.29522,1.4048,-3.7399,0.016805
1812.2,0,5.9013,0.29959,1.4216,-3.7613,0.017001
1812.3,0,5.9363,0.30398,1.4384,-3.7826,0.017197
1812.4,0,5.9712,0.3084,1.4552,-3.8036,0.017393
1812.5,0,6.006,0.31284,1.472,-3.8246,0.01759
1812.6,0,6.0406,0.31731,1.4889,-3.8454,0.017787
1812.7,0,6.0752,0.32181,1.5057,-3.8661,0.017984
1812.8,0,6.1096,0.32633,1.5226,-3.8866,0.018181
1812.9,0,6.1439,0.33088,1.5394,-3.907,0.018378
1813,0,6.178,0.33545,1.5563,-3.9272,0.018575
1813.1,0,6.2121,0.34004,1.5731,-3.9473,0.018773
1813.2,0,6.2461,0.34467,1.59,-3.9673,0.01897
1813.3,0,6.2799,0.34931,1.6068,-3.9871,0.019168
1813.4,0,6.3136,0.35398,1.6237,-4.0068,0.019366
1813.5,0,6.3473,0.35868,1.6406,-4.0263,0.019564
1813.6,0,6.3808,0.3634,1.6574,-4.0457,0.019762
1813.7,0,6.4142,0.36814,1.6743,-4.065,0.01996
1813.8,0,6.4475,0.37291,1.6912,-4.0841,0.020158
1813.9,0,6.4807,0.3777,1.708,-4.1031,0.020356
1814,0,6.5138,0.38252,1.7249,-4.122,0.020554
1814.1,0,6.5468,0.38736,1.7417,-4.1407,0.020753
1814.2,0,6.5797,0.39222,1.7586,-4.1593,0.020951
1814.3,0,6.6124,0.39711,1.7754,-4.1778,0.02115
1814.4,0,6.6451,0.40202,1.7923,-4.1961,0.021348
1814.5,0,6.6777,0.40696,1.8091,-4.2143,0.021546
1814.6,0,6.7102,0.41192,1.8259,-4.2323,0.021745
1814.7,0,6.7426,0.4169,1.8428,-4.2503,0.021943
1814.8,0,6.7749,0.4219,1.8596,-4.268,0.022142
1814.9,0,6.8071,0.42694,1.8764,-4.2857,0.02234
1815,0,6.8393,0.43199,1.8932,-4.3032,0.022539
1815.1,0,6.8713,0.43707,1.91,-4.3206,0.022737
1815.2,0,6.9032,0.44217,1.9268,-4.3379,0.022936
1815.3,0,6.9351,0.44729,1.9435,-4.355,0.023134
1815.4,0,6.9668,0.45243,1.9603,-4.3721,0.023333
1815.5,0,6.9985,0.4576,1.9771,-4.3889,0.023531
1815.6,0,7.0301,0.4628,1.9938,-4.4057,0.02373
1815.7,0,7.0616,0.46801,2.0106,-4.4223,0.023928
1815.8,0,7.093,0.47325,2.0273,-4.4388,0.024126
1815.9,0,7.1243,0.47851,2.044,-4.4552,0.024324
1816,0,7.1556,0.48379,2.0607,-4.4714,0.024523
1816.1,0,7.1868,0.4891,2.0774,-4.4876,0.024721
1816.2,0,7.2178,0.49443,2.0941,-4.5036,0.024919
1816.3,0,7.2488,0.49978,2.1108,-4.5194,0.025117
1816.4,0,7.2798,0.50515,2.1274,-4.5352,0.025315
1816.5,0,7.3106,0.51055,2.1441,-4.5508,0.025513
1816.6,0,7.3414,0.51597,2.1607,-4.5663,0.02571
1816.7,0,7.3721,0.52141,2.1773,-4.5817,0.025908
1816.8,0,7.4027,0.52687,2.1939,-4.597,0.026106
1816.9,0,7.4332,0.53235,2.2105,-4.6121,0.026303
1817,0,7.4637,0.53786,2.2271,-4.6271,0.026501
1817.1,0,7.4941,0.54339,2.2437,-4.642,0.026698
1817.2,0,7.5244,0.54894,2.2602,-4.6568,0.026895
1817.3,0,7.5547,0.55451,2.2768,-4.6715,0.027092
1817.4,0,7.5849,0.5601,2.2933,-4.686,0.027289
1817.5,0,7.615,0.56572,2.3098,-4.7004,0.027486
1817.6,0,7.645,0.57136,2.3263,-4.7147,0.027683
1817.7,0,7.675,0.57702,2.3427,-4.7289,0.027879
1817.8,0,7.7049,0.5827,2.3592,-4.743,0.028076
1817.9,0,7.7347,0.5884,2.3756,-4.757,0.028272
1818,0,7.7645,0.59413,2.3921,-4.7708,0.028469
1818.1,0,7.7942,0.59987,2.4085,-4.7845,0.028665
1818.2,0,7.8238,0.60564,2.4249,-4.7981,0.028861
1818.3,0,7.8534,0.61143,2.4412,-4.8116,0.029057
1818.4,0,7.8829,0.61724,2.4576,-4.825,0.029252
1818.5,0,7.9124,0.62307,2.4739,-4.8383,0.029448
1818.6,0,7.9417,0.62892,2.4903,-4.8514,0.029644
1818.7,0,7.9711,0.63479,2.5066,-4.8645,0.029839
1818.8,0,8.0003,0.64069,2.5228,-4.8774,0.030034
1818.9,0,8.0295,0.6466,2.5391,-4.8902,0.030229
1819,0,8.0587,0.65254,2.5554,-4.9029,0.030424
1819.1,0,8.0877,0.6585,2.5716,-4.9155,0.030619
1819.2,0,8.1168,0.66447,2.5878,-4.928,0.030813
1819.3,0,8.1457,0.67047,2.604,-4.9404,0.031008
1819.4,0,8.1746,0.67649,2.6202,-4.9527,0.031202
1819.5,0,8.2035,0.68253,2.6363,-4.9648,0.031396
1819.6,0,8.2323,0.68859,2.6525,-4.9769,0.03159
1819.7,0,8.261,0.69468,2.6686,-4.9888,0.031784
1819.8,0,8.2897,0.70078,2.6847,-5.0007,0.031977
1819.9,0,8.3184,0.7069,2.7008,-5.0124,0.032171
1820,0,8.3469,0.71305,2.7169,-5.024,0.032364
1820.1,0,8.3755,0.71921,2.7329,-5.0356,0.032557
1820.2,0,8.4039,0.72539,2.7489,-5.047,0.03275
1820.3,0,8.4323,0.7316,2.765,-5.0583,0.032943
1820.4,0,8.4607,0.73782,2.7809,-5.0695,0.033135
1820.5,0,8.489,0.74407,2.7969,-5.0806,0.033328
1820.6,0,8.5173,0.75034,2.8129,-5.0916,0.03352
1820.7,0,8.5455,0.75662,2.8288,-5.1025,0.033712
1820.8,0,8.5737,0.76293,2.8447,-5.1133,0.033904
1820.9,0,8.6018,0.76926,2.8606,-5.124,0.034095
1821,0,8.6299,0.7756,2.8765,-5.1346,0.034287
1821.1,0,8.6579,0.78197,2.8923,-5.1451,0.034478
1821.2,0,8.6859,0.78836,2.9082,-5.1555,0.034669
1821.3,0,8.7138,0.79476,2.924,-5.1657,0.03486
1821.4,0,8.7417,0.80119,2.9398,-5.1759,0.035051
1821.5,0,8.7696,0.80764,2.9556,-5.186,0.035241
1821.6,0,8.7974,0.8141,2.9713,-5.196,0.035432
1821.7,0,8.8251,0.82059,2.987,-5.2059,0.035622
1821.8,0,8.8528,0.8271,3.0028,-5.2157,0.035812
1821.9,0,8.8805,0.83362,3.0185,-5.2254,0.036002
1822,0,8.9081,0.84017,3.0341,-5.235,0.036191
1822.1,0,8.9357,0.84674,3.0498,-5.2445,0.036381
1822.2,0,8.9632,0.85332,3.0654,-5.2539,0.03657
1822.3,0,8.9907,0.85993,3.081,-5.2632,0.036759
1822.4,0,9.0182,0.86655,3.0966,-5.2724,0.036948
1822.5,0,9.0456,0.8732,3.1122,-5.2816,0.037136
1822.6,0,9.073,0.87986,3.1278,-5.2906,0.037325
1822.7,0,9.1003,0.88654,3.1433,-5.2995,0.037513
1822.8,0,9.1276,0.89325,3.1588,-5.3084,0.037701
1822.9,0,9.1548,0.89997,3.1743,-5.3171,0.037889
1823,0,9.1821,0.90671,3.1898,-5.3257,0.038076
1823.1,0,9.2092,0.91347,3.2053,-5.3343,0.038264
1823.2,0,9.2364,0.92025,3.2207,-5.3428,0.038451
1823.3,0,9.2635,0.92705,3.2361,-5.3511,0.038638
1823.4,0,9.2906,0.93387,3.2515,-5.3594,0.038825
1823.5,0,9.3176,0.94071,3.2669,-5.3676,0.039011
1823.6,0,9.3446,0.94757,3.2823,-5.3757,0.039198
1823.7,0,9.3716,0.95444,3.2976,-5.3837,0.039384
1823.8,0,9.3985,0.96134,3.3129,-5.3917,0.03957
1823.9,0,9.4254,0.96825,3.3282,-5.3995,0.039756
1824,0,9.4522,0.97519,3.3435,-5.4072,0.039941
1824.1,0,9.4791,0.98214,3.3588,-5.4149,0.040127
1824.2,0,9.5058,0.98911,3.374,-5.4225,0.040312
1824.3,0,9.5326,0.99611,3.3893,-5.4299,0.040497
1824.4,0,9.5593,1.0031,3.4045,-5.4373,0.040682
1824.5,0,9.586,1.0101,3.4197,-5.4446,0.040866
1824.6,0,9.6127,1.0172,3.4348,-5.4519,0.041051
1824.7,0,9.6393,1.0243,3.45,-5.459,0.041235
1824.8,0,9.6659,1.0313,3.4651,-5.466,0.041419
1824.9,0,9.6925,1.0385,3.4802,-5.473,0.041603
1825,0,9.719,1.0456,3.4953,-5.4799,0.041786
1825.1,0,9.7455,1.0527,3.5104,-5.4867,0.04197
1825.2,0,9.772,1.0599,3.5254,-5.4934,0.042153
1825.3,0,9.7984,1.0671,3.5405,-5.5,0.042336
1825.4,0,9.8248,1.0743,3.5555,-5.5065,0.042519
1825.5,0,9.8512,1.0815,3.5705,-5.513,0.042701
1825.6,0,9.8776,1.0887,3.5854,-5.5194,0.042884
1825.7,0,9.9039,1.096,3.6004,-5.5257,0.043066
1825.8,0,9.9302,1.1032,3.6153,-5.5319,0.043248
1825.9,0,9.9565,1.1105,3.6303,-5.538,0.04343
1826,0,9.9827,1.1178,3.6452,-5.544,0.043611
1826.1,0,10.009,1.1252,3.66,-5.55,0.043792
1826.2,0,10.035,1.1325,3.6749,-5.5559,0.043974
1826.3,0,10.061,1.1399,3.6898,-5.5617,0.044155
1826.4,0,10.087,1.1473,3.7046,-5.5674,0.044335
1826.5,0,10.114,1.1547,3.7194,-5.5731,0.044516
1826.6,0,10.14,1.1621,3.7342,-5.5786,0.044696
1826.7,0,10.166,1.1695,3.749,-5.5841,0.044877
1826.8,0,10.192,1.177,3.7637,-5.5895,0.045057
1826.9,0,10.218,1.1845,3.7785,-5.5949,0.045236
1827,0,10.244,1.192,3.7932,-5.6001,0.045416
1827.1,0,10.27,1.1995,3.8079,-5.6053,0.045595
1827.2,0,10.296,1.207,3.8226,-5.6104,0.045775
1827.3,0,10.322,1.2146,3.8372,-5.6154,0.045954
1827.4,0,10.348,1.2221,3.8519,-5.6204,0.046132
1827.5,0,10.373,1.2297,3.8665,-5.6252,0.046311
1827.6,0,10.399,1.2373,3.8811,-5.63,0.046489
1827.7,0,10.425,1.245,3.8957,-5.6347,0.046668
1827.8,0,10.451,1.2526,3.9103,-5.6394,0.046846
1827.9,0,10.477,1.2603,3.9249,-5.644,0.047024
1828,0,10.503,1.2679,3.9394,-5.6485,0.047201
1828.1,0,10.528,1.2756,3.9539,-5.6529,0.047379
1828.2,0,10.554,1.2834,3.9684,-5.6572,0.047556
1828.3,0,10.58,1.2911,3.9829,-5.6615,0.047733
1828.4,0,10.605,1.2988,3.9974,-5.6657,0.04791
1828.5,0,10.631,1.3066,4.0119,-5.6698,0.048087
1828.6,0,10.657,1.3144,4.0263,-5.6739,0.048263
1828.7,0,10.682,1.3222,4.0407,-5.6779,0.048439
1828.8,0,10.708,1.33,4.0552,-5.6818,0.048616
1828.9,0,10.734,1.3379,4.0695,-5.6856,0.048792
1829,0,10.759,1.3457,4.0839,-5.6894,0.048967
1829.1,0,10.785,1.3536,4.0983,-5.6931,0.049143
1829.2,0,10.81,1.3615,4.1126,-5.6967,0.049318
1829.3,0,10.836,1.3694,4.127,-5.7003,0.049494
1829.4,0,10.861,1.3774,4.1413,-5.7038,0.049669
1829.5,0,10.887,1.3853,4.1556,-5.7072,0.049843
1829.6,0,10.912,1.3933,4.1699,-5.7105,0.050018
1829.7,0,10.938,1.4013,4.1841,-5.7138,0.050193
1829.8,0,10.963,1.4093,4.1984,-5.717,0.050367
1829.9,0,10.989,1.4173,4.2126,-5.7202,0.050541
1830,0,11.014,1.4253,4.2268,-5.7232,0.050715
1830.1,0,11.039,1.4334,4.241,-5.7262,0.050889
1830.2,0,11.065,1.4415,4.2552,-5.7292,0.051062
1830.3,0,11.09,1.4495,4.2694,-5.7321,0.051236
1830.4,0,11.115,1.4577,4.2835,-5.7349,0.051409
1830.5,0,11.141,1.4658,4.2977,-5.7376,0.051582
1830.6,0,11.166,1.4739,4.3118,-5.7403,0.051755
1830.7,0,11.191,1.4821,4.3259,-5.7429,0.051928
1830.8,0,11.217,1.4903,4.34,-5.7454,0.0521
1830.9,0,11.242,1.4985,4.3541,-5.7479,0.052273
1831,0,11.267,1.5067,4.3682,-5.7503,0.052445
1831.1,0,11.292,1.5149,4.3822,-5.7527,0.052617
1831.2,0,11.318,1.5232,4.3963,-5.7549,0.052789
1831.3,0,11.343,1.5314,4.4103,-5.7572,0.052961
1831.4,0,11.368,1.5397,4.4243,-5.7593,0.053132
1831.5,0,11.393,1.548,4.4383,-5.7614,0.053304
1831.6,0,11.418,1.5564,4.4523,-5.7634,0.053475
1831.7,0,11.444,1.5647,4.4662,-5.7654,0.053646
1831.8,0,11.469,1.5731,4.4802,-5.7673,0.053817
1831.9,0,11.494,1.5814,4.4941,-5.7691,0.053987
1832,0,11.519,1.5898,4.508,-5.7709,0.054158
1832.1,0,11.544,1.5982,4.522,-5.7726,0.054328
1832.2,0,11.569,1.6067,4.5358,-5.7743,0.054499
1832.3,0,11.594,1.6151,4.5497,-5.7759,0.054669
1832.4,0,11.619,1.6236,4.5636,-5.7774,0.054839
1832.5,0,11.644,1.6321,4.5775,-5.7789,0.055008
1832.6,0,11.669,1.6406,4.5913,-5.7803,0.055178
1832.7,0,11.695,1.6491,4.6051,-5.7816,0.055347
1832.8,0,11.72,1.6576,4.6189,-5.7829,0.055517
1832.9,0,11.745,1.6662,4.6328,-5.7841,0.055686
1833,0,11.77,1.6747,4.6465,-5.7853,0.055855
1833.1,0,11.795,1.6833,4.6603,-5.7864,0.056024
1833.2,0,11.82,1.6919,4.6741,-5.7875,0.056192
1833.3,0,11.845,1.7005,4.6878,-5.7885,0.056361
1833.4,0,11.87,1.7092,4.7016,-5.7894,0.056529
1833.5,0,11.895,1.7178,4.7153,-5.7903,0.056697
1833.6,0,11.92,1.7265,4.729,-5.7911,0.056865
1833.7,0,11.944,1.7352,4.7427,-5.7918,0.057033
1833.8,0,11.969,1.7439,4.7564,-5.7925,0.057201
1833.9,0,11.994,1.7526,4.7701,-5.7932,0.057369
1834,0,12.019,1.7614,4.7838,-5.7938,0.057536
1834.1,0,12.044,1.7701,4.7974,-5.7943,0.057704
1834.2,0,12.069,1.7789,4.8111,-5.7948,0.057871
1834.3,0,12.094,1.7877,4.8247,-5.7952,0.058038
1834.4,0,12.119,1.7965,4.8383,-5.7955,0.058205
1834.5,0,12.144,1.8054,4.8519,-5.7958,0.058371
1834.6,0,12.169,1.8142,4.8655,-5.7961,0.058538
1834.7,0,12.194,1.8231,4.8791,-5.7963,0.058705
1834.8,0,12.218,1.832,4.8927,-5.7964,0.058871
1834.9,0,12.243,1.8409,4.9062,-5.7965,0.059037
1835,0,12.268,1.8498,4.9198,-5.7965,0.059203
1835.1,0,12.293,1.8587,4.9333,-5.7965,0.059369
1835.2,0,12.318,1.8677,4.9468,-5.7964,0.059535
1835.3,0,12.343,1.8766,4.9603,-5.7963,0.059701
1835.4,0,12.368,1.8856,4.9739,-5.7961,0.059866
1835.5,0,12.392,1.8946,4.9873,-5.7958,0.060032
1835.6,0,12.417,1.9036,5.0008,-5.7955,0.060197
1835.7,0,12.442,1.9127,5.0143,-5.7952,0.060362
1835.8,0,12.467,1.9217,5.0278,-5.7948,0.060527
1835.9,0,12.492,1.9308,5.0412,-5.7943,0.060692
1836,0,12.516,1.9399,5.0547,-5.7938,0.060857
1836.1,0,12.541,1.949,5.0681,-5.7933,0.061021
1836.2,0,12.566,1.9581,5.0815,-5.7927,0.061186
1836.3,0,12.591,1.9673,5.0949,-5.792,0.06135
1836.4,0,12.616,1.9764,5.1083,-5.7913,0.061514
1836.5,0,12.64,1.9856,5.1217,-5.7905,0.061679
1836.6,0,12.665,1.9948,5.1351,-5.7897,0.061843
1836.7,0,12.69,2.004,5.1485,-5.7888,0.062006
1836.8,0,12.715,2.0132,5.1618,-5.7879,0.06217
1836.9,0,12.739,2.0225,5.1752,-5.7869,0.062334
1837,0,12.764,2.0317,5.1885,-5.7859,0.062497
1837.1,0,12.789,2.041,5.2019,-5.7848,0.062661
1837.2,0,12.814,2.0503,5.2152,-5.7837,0.062824
1837.3,0,12.838,2.0596,5.2285,-5.7826,0.062987
1837.4,0,12.863,2.069,5.2418,-5.7813,0.06315
1837.5,0,12.888,2.0783,5.2551,-5.7801,0.063313
1837.6,0,12.913,2.0877,5.2684,-5.7787,0.063476
1837.7,0,12.937,2.097,5.2817,-5.7774,0.063639
1837.8,0,12.962,2.1064,5.2949,-5.776,0.063801
1837.9,0,12.987,2.1159,5.3082,-5.7745,0.063964
1838,0,13.012,2.1253,5.3214,-5.773,0.064126
1838.1,0,13.036,2.1347,5.3347,-5.7714,0.064289
1838.2,0,13.061,2.1442,5.3479,-5.7698,0.064451
1838.3,0,13.086,2.1537,5.3611,-5.7682,0.064613
1838.4,0,13.11,2.1632,5.3743,-5.7665,0.064775
1838.5,0,13.135,2.1727,5.3876,-5.7647,0.064937
1838.6,0,13.16,2.1823,5.4008,-5.7629,0.065099
1838.7,0,13.185,2.1918,5.4139,-5.7611,0.06526
1838.8,0,13.209,2.2014,5.4271,-5.7592,0.065422
1838.9,0,13.234,2.211,5.4403,-5.7572,0.065583
1839,0,13.259,2.2206,5.4535,-5.7553,0.065745
1839.1,0,13.283,2.2302,5.4666,-5.7532,0.065906
1839.2,0,13.308,2.2398,5.4798,-5.7512,0.066067
1839.3,0,13.333,2.2495,5.4929,-5.749,0.066228
1839.4,0,13.358,2.2592,5.5061,-5.7469,0.066389
1839.5,0,13.382,2.2689,5.5192,-5.7446,0.06655
1839.6,0,13.407,2.2786,5.5323,-5.7424,0.066711
1839.7,0,13.432,2.2883,5.5454,-5.7401,0.066871
1839.8,0,13.456,2.298,5.5585,-5.7377,0.067032
1839.9,0,13.481,2.3078,5.5716,-5.7354,0.067192
1840,0,13.506,2.3176,5.5847,-5.7329,0.067353
1840.1,0,13.531,2.3274,5.5978,-5.7304,0.067513
1840.2,0,13.555,2.3372,5.6109,-5.7279,0.067673
1840.3,0,13.58,2.347,5.6239,-5.7253,0.067833
1840.4,0,13.605,2.3568,5.637,-5.7227,0.067993
1840.5,0,13.629,2.3667,5.6501,-5.7201,0.068153
1840.6,0,13.654,2.3766,5.6631,-5.7174,0.068313
1840.7,0,13.679,2.3865,5.6762,-5.7146,0.068473
1840.8,0,13.704,2.3964,5.6892,-5.7118,0.068633
1840.9,0,13.728,2.4063,5.7022,-5.709,0.068792
1841,0,13.753,2.4163,5.7152,-5.7061,0.068952
1841.1,0,13.778,2.4262,5.7283,-5.7032,0.069111
1841.2,0,13.802,2.4362,5.7413,-5.7003,0.06927
1841.3,0,13.827,2.4462,5.7543,-5.6973,0.06943
1841.4,0,13.852,2.4562,5.7673,-5.6942,0.069589
1841.5,0,13.877,2.4662,5.7803,-5.6912,0.069748
1841.6,0,13.901,2.4763,5.7932,-5.688,0.069907
1841.7,0,13.926,2.4864,5.8062,-5.6849,0.070066
1841.8,0,13.951,2.4964,5.8192,-5.6817,0.070225
1841.9,0,13.975,2.5065,5.8322,-5.6784,0.070384
1842,0,14,2.5167,5.8451,-5.6751,0.070542
1842.1,0,14.025,2.5268,5.8581,-5.6718,0.070701
1842.2,0,14.05,2.5369,5.871,-5.6684,0.07086
1842.3,0,14.074,2.5471,5.884,-5.665,0.071018
1842.4,0,14.099,2.5573,5.8969,-5.6616,0.071176
1842.5,0,14.124,2.5675,5.9098,-5.6581,0.071335
1842.6,0,14.149,2.5777,5.9228,-5.6545,0.071493
1842.7,0,14.173,2.5879,5.9357,-5.651,0.071651
1842.8,0,14.198,2.5982,5.9486,-5.6474,0.071809
1842.9,0,14.223,2.6085,5.9615,-5.6437,0.071968
1843,0,14.248,2.6188,5.9744,-5.64,0.072126
1843.1,0,14.272,2.6291,5.9873,-5.6363,0.072284
1843.2,0,14.297,2.6394,6.0002,-5.6325,0.072441
1843.3,0,14.322,2.6497,6.0131,-5.6287,0.072599
1843.4,0,14.347,2.6601,6.026,-5.6249,0.072757
1843.5,0,14.371,2.6704,6.0389,-5.621,0.072915
1843.6,0,14.396,2.6808,6.0518,-5.6171,0.073072
1843.7,0,14.421,2.6912,6.0646,-5.6131,0.07323
1843.8,0,14.446,2.7017,6.0775,-5.6091,0.073387
1843.9,0,14.47,2.7121,6.0904,-5.6051,0.073545
1844,0,14.495,2.7226,6.1032,-5.601,0.073702
1844.1,0,14.52,2.733,6.1161,-5.5969,0.073859
1844.2,0,14.545,2.7435,6.1289,-5.5927,0.074017
1844.3,0,14.57,2.754,6.1418,-5.5885,0.074174
1844.4,0,14.594,2.7646,6.1546,-5.5843,0.074331
1844.5,0,14.619,2.7751,6.1675,-5.58,0.074488
1844.6,0,14.644,2.7857,6.1803,-5.5757,0.074645
1844.7,0,14.669,2.7962,6.1931,-5.5714,0.074802
1844.8,0,14.694,2.8068,6.206,-5.567,0.074959
1844.9,0,14.718,2.8174,6.2188,-5.5626,0.075116
1845,0,14.743,2.8281,6.2316,-5.5582,0.075273
1845.1,0,14.768,2.8387,6.2444,-5.5537,0.075429
1845.2,0,14.793,2.8494,6.2572,-5.5492,0.075586
1845.3,0,14.818,2.8601,6.27,-5.5446,0.075743
1845.4,0,14.843,2.8707,6.2828,-5.54,0.075899
1845.5,0,14.868,2.8815,6.2956,-5.5354,0.076056
1845.6,0,14.892,2.8922,6.3084,-5.5307,0.076213
1845.7,0,14.917,2.9029,6.3212,-5.526,0.076369
1845.8,0,14.942,2.9137,6.334,-5.5213,0.076525
1845.9,0,14.967,2.9245,6.3468,-5.5165,0.076682
1846,0,14.992,2.9353,6.3596,-5.5117,0.076838
1846.1,0,15.017,2.9461,6.3723,-5.5069,0.076994
1846.2,0,15.042,2.9569,6.3851,-5.502,0.077151
1846.3,0,15.067,2.9678,6.3979,-5.4971,0.077307
1846.4,0,15.091,2.9786,6.4107,-5.4921,0.077463
1846.5,0,15.116,2.9895,6.4234,-5.4872,0.077619
1846.6,0,15.141,3.0004,6.4362,-5.4822,0.077775
1846.7,0,15.166,3.0113,6.449,-5.4771,0.077931
1846.8,0,15.191,3.0223,6.4617,-5.472,0.078087
1846.9,0,15.216,3.0332,6.4745,-5.4669,0.078243
1847,0,15.241,3.0442,6.4872,-5.4618,0.078399
1847.1,0,15.266,3.0552,6.5,-5.4566,0.078555
1847.2,0,15.291,3.0662,6.5127,-5.4514,0.078711
1847.3,0,15.316,3.0772,6.5255,-5.4461,0.078867
1847.4,0,15.341,3.0882,6.5382,-5.4408,0.079023
1847.5,0,15.366,3.0993,6.551,-5.4355,0.079178
1847.6,0,15.391,3.1104,6.5637,-5.4302,0.079334
1847.7,0,15.416,3.1215,6.5764,-5.4248,0.07949
1847.8,0,15.441,3.1326,6.5892,-5.4194,0.079645
1847.9,0,15.466,3.1437,6.6019,-5.4139,0.079801
1848,0,15.491,3.1548,6.6146,-5.4084,0.079957
1848.1,0,15.516,3.166,6.6274,-5.4029,0.080112
1848.2,0,15.541,3.1772,6.6401,-5.3974,0.080268
1848.3,0,15.566,3.1883,6.6528,-5.3918,0.080423
1848.4,0,15.591,3.1996,6.6655,-5.3862,0.080579
1848.5,0,15.616,3.2108,6.6782,-5.3805,0.080734
1848.6,0,15.641,3.222,6.691,-5.3749,0.080889
1848.7,0,15.666,3.2333,6.7037,-5.3692,0.081045
1848.8,0,15.691,3.2446,6.7164,-5.3634,0.0812
1848.9,0,15.716,3.2558,6.7291,-5.3577,0.081355
1849,0,15.741,3.2672,6.7418,-5.3519,0.081511
1849.1,0,15.766,3.2785,6.7545,-5.346,0.081666
1849.2,0,15.791,3.2898,6.7672,-5.3402,0.081821
1849.3,0,15.816,3.3012,6.7799,-5.3343,0.081976
1849.4,0,15.841,3.3126,6.7926,-5.3283,0.082132
1849.5,0,15.866,3.324,6.8053,-5.3224,0.082287
1849.6,0,15.892,3.3354,6.818,-5.3164,0.082442
1849.7,0,15.917,3.3468,6.8307,-5.3104,0.082597
1849.8,0,15.942,3.3583,6.8434,-5.3043,0.082752
1849.9,0,15.967,3.3697,6.8561,-5.2983,0.082907
1850,0,15.992,3.3812,6.8688,-5.2921,0.083062
1850.1,0,16.017,3.3927,6.8815,-5.286,0.083218
1850.2,0,16.042,3.4042,6.8942,-5.2798,0.083373
1850.3,0,16.067,3.4158,6.9069,-5.2736,0.083528
1850.4,0,16.092,3.4273,6.9196,-5.2674,0.083683
1850.5,0,16.116,3.4389,6.9323,-5.2611,0.083838
1850.6,0,16.141,3.4505,6.945,-5.2549,0.083992
1850.7,0,16.165,3.4621,6.9576,-5.2485,0.084147
1850.8,0,16.189,3.4737,6.9703,-5.2422,0.084302
1850.9,0,16.213,3.4853,6.983,-5.2358,0.084457
1851,0,16.237,3.4969,6.9956,-5.2294,0.084611
1851.1,0,16.262,3.5086,7.0083,-5.223,0.084766
1851.2,0,16.286,3.5203,7.0209,-5.2165,0.08492
1851.3,0,16.312,3.532,7.0336,-5.21,0.085075
1851.4,0,16.338,3.5437,7.0462,-5.2035,0.085229
1851.5,0,16.364,3.5554,7.0589,-5.1969,0.085384
1851.6,0,16.391,3.5672,7.0715,-5.1904,0.085538
1851.7,0,16.418,3.579,7.0842,-5.1838,0.085693
1851.8,0,16.446,3.5908,7.0969,-5.1771,0.085848
1851.9,0,16.475,3.6026,7.1096,-5.1705,0.086003
1852,0,16.504,3.6144,7.1223,-5.1638,0.086158
1852.1,0,16.533,3.6262,7.135,-5.157,0.086313
1852.2,0,16.562,3.6381,7.1478,-5.1503,0.086469
1852.3,0,16.591,3.65,7.1606,-5.1435,0.086625
1852.4,0,16.62,3.6619,7.1734,-5.1367,0.086781
1852.5,0,16.649,3.6738,7.1862,-5.1299,0.086937
1852.6,0,16.678,3.6858,7.199,-5.123,0.087093
1852.7,0,16.707,3.6978,7.2119,-5.1161,0.08725
1852.8,0,16.736,3.7098,7.2248,-5.1092,0.087407
1852.9,0,16.765,3.7218,7.2377,-5.1022,0.087564
1853,0,16.793,3.7338,7.2506,-5.0953,0.087721
1853.1,0,16.822,3.7458,7.2635,-5.0883,0.087878
1853.2,0,16.851,3.7579,7.2765,-5.0812,0.088036
1853.3,0,16.879,3.77,7.2894,-5.0742,0.088193
1853.4,0,16.908,3.7821,7.3024,-5.0671,0.088351
1853.5,0,16.937,3.7942,7.3154,-5.0599,0.088509
1853.6,0,16.965,3.8064,7.3284,-5.0528,0.088667
1853.7,0,16.994,3.8185,7.3415,-5.0456,0.088825
1853.8,0,17.023,3.8307,7.3545,-5.0384,0.088984
1853.9,0,17.052,3.8429,7.3676,-5.0312,0.089142
1854,0,17.08,3.8552,7.3806,-5.0239,0.089301
1854.1,0,17.109,3.8674,7.3937,-5.0166,0.08946
1854.2,0,17.138,3.8797,7.4068,-5.0093,0.089619
1854.3,0,17.166,3.892,7.4199,-5.002,0.089778
1854.4,0,17.195,3.9043,7.4331,-4.9946,0.089938
1854.5,0,17.223,3.9166,7.4462,-4.9872,0.090097
1854.6,0,17.252,3.9289,7.4594,-4.9798,0.090257
1854.7,0,17.28,3.9413,7.4725,-4.9723,0.090417
1854.8,0,17.308,3.9537,7.4857,-4.9648,0.090577
1854.9,0,17.337,3.9661,7.4989,-4.9573,0.090737
1855,0,17.365,3.9785,7.5121,-4.9498,0.090897
1855.1,0,17.393,3.9909,7.5253,-4.9422,0.091057
1855.2,0,17.421,4.0034,7.5385,-4.9346,0.091217
1855.3,0,17.449,4.0159,7.5517,-4.927,0.091378
1855.4,0,17.478,4.0284,7.565,-4.9193,0.091538
1855.5,0,17.506,4.0409,7.5782,-4.9116,0.091699
1855.6,0,17.534,4.0534,7.5915,-4.9039,0.09186
1855.7,0,17.563,4.066,7.6047,-4.8962,0.092021
1855.8,0,17.591,4.0786,7.618,-4.8884,0.092182
1855.9,0,17.62,4.0912,7.6313,-4.8806,0.092343
1856,0,17.649,4.1038,7.6446,-4.8728,0.092504
1856.1,0,17.677,4.1164,7.6579,-4.865,0.092665
1856.2,0,17.706,4.1291,7.6712,-4.8571,0.092827
1856.3,0,17.734,4.1417,7.6846,-4.8492,0.092988
1856.4,0,17.763,4.1544,7.6979,-4.8413,0.09315
1856.5,0,17.792,4.1671,7.7112,-4.8333,0.093312
1856.6,0,17.82,4.1799,7.7246,-4.8253,0.093474
1856.7,0,17.849,4.1926,7.738,-4.8173,0.093636
1856.8,0,17.878,4.2054,7.7514,-4.8093,0.093798
1856.9,0,17.906,4.2182,7.7648,-4.8012,0.093961
1857,0,17.935,4.231,7.7782,-4.7932,0.094123
1857.1,0,17.964,4.2438,7.7916,-4.785,0.094286
1857.2,0,17.992,4.2567,7.805,-4.7769,0.094448
1857.3,0,18.021,4.2696,7.8184,-4.7687,0.094611
1857.4,0,18.05,4.2824,7.8319,-4.7605,0.094774
1857.5,0,18.079,4.2954,7.8453,-4.7523,0.094937
1857.6,0,18.107,4.3083,7.8588,-4.7441,0.0951
1857.7,0,18.136,4.3212,7.8723,-4.7358,0.095263
1857.8,0,18.165,4.3342,7.8857,-4.7275,0.095427
1857.9,0,18.194,4.3472,7.8992,-4.7192,0.09559
1858,0,18.222,4.3602,7.9127,-4.7108,0.095754
1858.1,0,18.251,4.3732,7.9262,-4.7024,0.095918
1858.2,0,18.28,4.3863,7.9398,-4.694,0.096081
1858.3,0,18.309,4.3993,7.9533,-4.6856,0.096245
1858.4,0,18.338,4.4124,7.9668,-4.6771,0.096409
1858.5,0,18.367,4.4255,7.9804,-4.6686,0.096573
1858.6,0,18.396,4.4387,7.9939,-4.6601,0.096738
1858.7,0,18.425,4.4518,8.0075,-4.6516,0.096902
1858.8,0,18.454,4.465,8.0211,-4.643,0.097067
1858.9,0,18.483,4.4781,8.0347,-4.6344,0.097231
1859,0,18.513,4.4914,8.0483,-4.6258,0.097396
1859.1,0,18.542,4.5046,8.0619,-4.6172,0.097561
1859.2,0,18.571,4.5178,8.0755,-4.6085,0.097726
1859.3,0,18.601,4.5311,8.0891,-4.5998,0.097891
1859.4,0,18.63,4.5444,8.1028,-4.5911,0.098056
1859.5,0,18.66,4.5577,8.1164,-4.5824,0.098222
1859.6,0,18.689,4.571,8.1301,-4.5736,0.098387
1859.7,0,18.719,4.5844,8.1438,-4.5648,0.098553
1859.8,0,18.749,4.5977,8.1575,-4.556,0.098719
1859.9,0,18.779,4.6111,8.1712,-4.5471,0.098885
1860,0,18.809,4.6245,8.1849,-4.5383,0.099051
1860.1,0,18.839,4.6379,8.1986,-4.5294,0.099217
1860.2,0,18.869,4.6514,8.2124,-4.5204,0.099384
1860.3,0,18.899,4.6649,8.2261,-4.5115,0.09955
1860.4,0,18.929,4.6783,8.2399,-4.5025,0.099717
1860.5,0,18.96,4.6919,8.2537,-4.4935,0.099884
1860.6,0,18.99,4.7054,8.2675,-4.4845,0.10005
1860.7,0,19.021,4.7189,8.2813,-4.4755,0.10022
1860.8,0,19.051,4.7325,8.2952,-4.4664,0.10039
1860.9,0,19.082,4.7461,8.309,-4.4573,0.10055
1861,0,19.113,4.7597,8.3229,-4.4482,0.10072
1861.1,0,19.143,4.7734,8.3368,-4.439,0.10089
1861.2,0,19.173,4.787,8.3507,-4.4298,0.10106
1861.3,0,19.202,4.8007,8.3646,-4.4206,0.10123
1861.4,0,19.231,4.8144,8.3785,-4.4114,0.10139
1861.5,0,19.259,4.8281,8.3924,-4.4022,0.10156
1861.6,0,19.286,4.8418,8.4063,-4.3929,0.10173
1861.7,0,19.313,4.8556,8.4202,-4.3836,0.1019
1861.8,0,19.339,4.8694,8.4341,-4.3743,0.10207
1861.9,0,19.365,4.8831,8.448,-4.3649,0.10224
1862,0,19.39,4.897,8.4618,-4.3555,0.1024
1862.1,0,19.415,4.9108,8.4757,-4.3461,0.10257
1862.2,0,19.44,4.9246,8.4895,-4.3367,0.10274
1862.3,0,19.465,4.9385,8.5033,-4.3273,0.10291
1862.4,0,19.489,4.9523,8.5171,-4.3178,0.10307
1862.5,0,19.514,4.9662,8.5309,-4.3083,0.10324
1862.6,0,19.539,4.9801,8.5447,-4.2988,0.10341
1862.7,0,19.564,4.994,8.5584,-4.2893,0.10357
1862.8,0,19.59,5.008,8.5721,-4.2797,0.10374
1862.9,0,19.615,5.0219,8.5858,-4.2701,0.10391
1863,0,19.64,5.0359,8.5995,-4.2605,0.10407
1863.1,0,19.665,5.0499,8.6132,-4.2509,0.10424
1863.2,0,19.69,5.0639,8.6269,-4.2412,0.10441
1863.3,0,19.716,5.0779,8.6405,-4.2316,0.10457
1863.4,0,19.741,5.092,8.6542,-4.2219,0.10474
1863.5,0,19.767,5.106,8.6678,-4.2121,0.10491
1863.6,0,19.792,5.1201,8.6814,-4.2024,0.10507
1863.7,0,19.818,5.1342,8.695,-4.1926,0.10524
1863.8,0,19.844,5.1483,8.7086,-4.1829,0.1054
1863.9,0,19.869,5.1624,8.7222,-4.1731,0.10557
1864,0,19.895,5.1766,8.7358,-4.1632,0.10573
1864.1,0,19.921,5.1907,8.7494,-4.1534,0.1059
1864.2,0,19.947,5.2049,8.7629,-4.1435,0.10606
1864.3,0,19.973,5.2191,8.7765,-4.1336,0.10623
1864.4,0,19.999,5.2333,8.79,-4.1237,0.10639
1864.5,0,20.025,5.2475,8.8036,-4.1138,0.10656
1864.6,0,20.051,5.2618,8.8171,-4.1038,0.10672
1864.7,0,20.077,5.276,8.8306,-4.0939,0.10689
1864.8,0,20.103,5.2903,8.8441,-4.0839,0.10705
1864.9,0,20.129,5.3046,8.8576,-4.0739,0.10722
1865,0,20.155,5.3189,8.8711,-4.0638,0.10738
1865.1,0,20.182,5.3333,8.8846,-4.0538,0.10755
1865.2,0,20.208,5.3476,8.8981,-4.0437,0.10771
1865.3,0,20.234,5.362,8.9116,-4.0336,0.10788
1865.4,0,20.261,5.3764,8.9251,-4.0235,0.10804
1865.5,0,20.287,5.3908,8.9386,-4.0134,0.10821
1865.6,0,20.313,5.4052,8.952,-4.0032,0.10837
1865.7,0,20.339,5.4196,8.9655,-3.9931,0.10853
1865.8,0,20.366,5.4341,8.979,-3.9829,0.1087
1865.9,0,20.392,5.4486,8.9924,-3.9727,0.10886
1866,0,20.418,5.463,9.0059,-3.9624,0.10903
1866.1,0,20.444,5.4776,9.0193,-3.9522,0.10919
1866.2,0,20.471,5.4921,9.0328,-3.9419,0.10935
1866.3,0,20.497,5.5066,9.0462,-3.9316,0.10952
1866.4,0,20.523,5.5212,9.0596,-3.9213,0.10968
1866.5,0,20.55,5.5358,9.073,-3.911,0.10985
1866.6,0,20.576,5.5504,9.0865,-3.9007,0.11001
1866.7,0,20.603,5.565,9.0999,-3.8903,0.11017
1866.8,0,20.629,5.5796,9.1133,-3.88,0.11034
1866.9,0,20.656,5.5943,9.1267,-3.8696,0.1105
1867,0,20.682,5.6089,9.1401,-3.8591,0.11067
1867.1,0,20.709,5.6236,9.1535,-3.8487,0.11083
1867.2,0,20.736,5.6383,9.1669,-3.8383,0.11099
1867.3,0,20.762,5.653,9.1803,-3.8278,0.11116
1867.4,0,20.789,5.6678,9.1937,-3.8173,0.11132
1867.5,0,20.815,5.6825,9.2071,-3.8068,0.11148
1867.6,0,20.842,5.6973,9.2205,-3.7963,0.11165
1867.7,0,20.868,5.7121,9.2339,-3.7857,0.11181
1867.8,0,20.895,5.7269,9.2473,-3.7752,0.11198
1867.9,0,20.922,5.7417,9.2607,-3.7646,0.11214
1868,0,20.948,5.7566,9.2741,-3.754,0.1123
1868.1,0,20.975,5.7714,9.2874,-3.7434,0.11247
1868.2,0,21.001,5.7863,9.3008,-3.7328,0.11263
1868.3,0,21.028,5.8012,9.3142,-3.7222,0.11279
1868.4,0,21.055,5.8161,9.3276,-3.7115,0.11296
1868.5,0,21.081,5.8311,9.3409,-3.7008,0.11312
1868.6,0,21.108,5.846,9.3543,-3.6901,0.11328
1868.7,0,21.135,5.861,9.3677,-3.6794,0.11345
1868.8,0,21.162,5.876,9.381,-3.6687,0.11361
1868.9,0,21.188,5.891,9.3944,-3.6579,0.11377
1869,0,21.215,5.906,9.4078,-3.6472,0.11394
1869.1,0,21.242,5.921,9.4211,-3.6364,0.1141
1869.2,0,21.269,5.9361,9.4345,-3.6256,0.11426
1869.3,0,21.295,5.9512,9.4479,-3.6148,0.11443
1869.4,0,21.322,5.9663,9.4612,-3.604,0.11459
1869.5,0,21.349,5.9814,9.4746,-3.5931,0.11475
1869.6,0,21.376,5.9965,9.4879,-3.5823,0.11492
1869.7,0,21.403,6.0116,9.5013,-3.5714,0.11508
1869.8,0,21.429,6.0268,9.5146,-3.5605,0.11524
1869.9,0,21.456,6.042,9.528,-3.5496,0.11541
1870,0,21.483,6.0572,9.5414,-3.5386,0.11557
1870.1,0,21.51,6.0724,9.5547,-3.5277,0.11573
1870.2,0,21.537,6.0877,9.5681,-3.5167,0.1159
1870.3,0,21.565,6.1029,9.5814,-3.5058,0.11606
1870.4,0,21.593,6.1182,9.5948,-3.4948,0.11622
1870.5,0,21.621,6.1335,9.6081,-3.4838,0.11639
1870.6,0,21.649,6.1488,9.6215,-3.4728,0.11655
1870.7,0,21.677,6.1641,9.6349,-3.4617,0.11671
1870.8,0,21.706,6.1795,9.6483,-3.4507,0.11688
1870.9,0,21.735,6.1948,9.6617,-3.4396,0.11704
1871,0,21.764,6.2102,9.6751,-3.4285,0.1172
1871.1,0,21.794,6.2256,9.6885,-3.4174,0.11737
1871.2,0,21.825,6.2411,9.7019,-3.4063,0.11753
1871.3,0,21.857,6.2565,9.7154,-3.3952,0.1177
1871.4,0,21.89,6.272,9.7289,-3.384,0.11786
1871.5,0,21.923,6.2875,9.7424,-3.3728,0.11803
1871.6,0,21.958,6.303,9.756,-3.3617,0.11819
1871.7,0,21.994,6.3185,9.7696,-3.3505,0.11836
1871.8,0,22.03,6.3341,9.7833,-3.3392,0.11852
1871.9,0,22.068,6.3497,9.797,-3.328,0.11869
1872,0,22.106,6.3653,9.8108,-3.3168,0.11886
1872.1,0,22.145,6.3809,9.8246,-3.3055,0.11903
1872.2,0,22.184,6.3966,9.8385,-3.2942,0.1192
1872.3,0,22.223,6.4123,9.8525,-3.2829,0.11937
1872.4,0,22.263,6.428,9.8665,-3.2716,0.11954
1872.5,0,22.302,6.4438,9.8806,-3.2603,0.11971
1872.6,0,22.342,6.4596,9.8948,-3.2489,0.11988
1872.7,0,22.381,6.4754,9.909,-3.2375,0.12005
1872.8,0,22.421,6.4912,9.9233,-3.2262,0.12022
1872.9,0,22.461,6.5071,9.9376,-3.2147,0.1204
1873,0,22.501,6.523,9.952,-3.2033,0.12057
1873.1,0,22.541,6.5389,9.9665,-3.1919,0.12075
1873.2,0,22.581,6.5548,9.981,-3.1804,0.12092
1873.3,0,22.62,6.5708,9.9956,-3.1689,0.1211
1873.4,0,22.66,6.5868,10.01,-3.1574,0.12127
1873.5,0,22.699,6.6028,10.025,-3.1459,0.12145
1873.6,0,22.739,6.6189,10.04,-3.1343,0.12163
1873.7,0,22.778,6.635,10.055,-3.1227,0.12181
1873.8,0,22.817,6.6511,10.069,-3.1112,0.12199
1873.9,0,22.856,6.6672,10.084,-3.0995,0.12217
1874,0,22.895,6.6834,10.099,-3.0879,0.12235
1874.1,0,22.933,6.6996,10.114,-3.0763,0.12253
1874.2,0,22.972,6.7158,10.129,-3.0646,0.12271
1874.3,0,23.011,6.732,10.144,-3.0529,0.12289
1874.4,0,23.05,6.7483,10.16,-3.0412,0.12307
1874.5,0,23.09,6.7646,10.175,-3.0294,0.12325
1874.6,0,23.129,6.7809,10.19,-3.0176,0.12344
1874.7,0,23.168,6.7973,10.205,-3.0059,0.12362
1874.8,0,23.208,6.8136,10.221,-2.9941,0.12381
1874.9,0,23.248,6.83,10.236,-2.9822,0.12399
1875,0,23.287,6.8465,10.251,-2.9704,0.12418
1875.1,0,23.327,6.8629,10.267,-2.9585,0.12436
1875.2,0,23.367,6.8794,10.282,-2.9466,0.12455
1875.3,0,23.407,6.8959,10.298,-2.9347,0.12474
1875.4,0,23.447,6.9125,10.314,-2.9227,0.12492
1875.5,0,23.487,6.929,10.329,-2.9108,0.12511
1875.6,0,23.527,6.9456,10.345,-2.8988,0.1253
1875.7,0,23.567,6.9623,10.361,-2.8868,0.12549
1875.8,0,23.607,6.9789,10.377,-2.8747,0.12568
1875.9,0,23.646,6.9956,10.392,-2.8627,0.12587
1876,0,23.686,7.0123,10.408,-2.8506,0.12606
1876.1,0,23.726,7.029,10.424,-2.8385,0.12625
1876.2,0,23.766,7.0458,10.44,-2.8263,0.12644
1876.3,0,23.806,7.0626,10.456,-2.8142,0.12663
1876.4,0,23.846,7.0794,10.472,-2.802,0.12683
1876.5,0,23.886,7.0962,10.488,-2.7898,0.12702
1876.6,0,23.926,7.1131,10.505,-2.7776,0.12721
1876.7,0,23.966,7.13,10.521,-2.7653,0.12741
1876.8,0,24.006,7.1469,10.537,-2.753,0.1276
1876.9,0,24.046,7.1639,10.553,-2.7407,0.1278
1877,0,24.086,7.1809,10.57,-2.7284,0.12799
1877.1,0,24.126,7.1979,10.586,-2.716,0.12819
1877.2,0,24.166,7.2149,10.602,-2.7037,0.12838
1877.3,0,24.206,7.232,10.619,-2.6913,0.12858
1877.4,0,24.246,7.2491,10.635,-2.6788,0.12878
1877.5,0,24.286,7.2662,10.652,-2.6664,0.12897
1877.6,0,24.326,7.2833,10.668,-2.6539,0.12917
1877.7,0,24.366,7.3005,10.685,-2.6414,0.12937
1877.8,0,24.406,7.3177,10.701,-2.6289,0.12957
1877.9,0,24.446,7.3349,10.718,-2.6163,0.12977
1878,0,24.486,7.3522,10.734,-2.6038,0.12997
1878.1,0,24.526,7.3695,10.751,-2.5912,0.13017
1878.2,0,24.566,7.3868,10.768,-2.5785,0.13037
1878.3,0,24.607,7.4041,10.785,-2.5659,0.13057
1878.4,0,24.647,7.4215,10.801,-2.5532,0.13077
1878.5,0,24.688,7.4389,10.818,-2.5405,0.13097
1878.6,0,24.728,7.4563,10.835,-2.5278,0.13117
1878.7,0,24.769,7.4737,10.852,-2.515,0.13138
1878.8,0,24.81,7.4912,10.869,-2.5022,0.13158
1878.9,0,24.851,7.5087,10.886,-2.4894,0.13178
1879,0,24.892,7.5263,10.903,-2.4766,0.13199
1879.1,0,24.934,7.5438,10.92,-2.4637,0.13219
1879.2,0,24.975,7.5614,10.937,-2.4508,0.13239
1879.3,0,25.017,7.579,10.954,-2.4379,0.1326
1879.4,0,25.059,7.5967,10.971,-2.425,0.1328
1879.5,0,25.101,7.6144,10.988,-2.412,0.13301
1879.6,0,25.144,7.6321,11.006,-2.3991,0.13322
1879.7,0,25.187,7.6498,11.023,-2.386,0.13342
1879.8,0,25.23,7.6676,11.04,-2.373,0.13363
1879.9,0,25.273,7.6854,11.058,-2.3599,0.13384
1880,0,25.316,7.7032,11.075,-2.3468,0.13405
1880.1,0,25.36,7.721,11.092,-2.3337,0.13426
1880.2,0,25.404,7.7389,11.11,-2.3206,0.13447
1880.3,0,25.448,7.7568,11.127,-2.3074,0.13468
1880.4,0,25.493,7.7748,11.145,-2.2942,0.13489
1880.5,0,25.538,7.7928,11.163,-2.281,0.1351
1880.6,0,25.583,7.8108,11.18,-2.2677,0.13531
1880.7,0,25.629,7.8288,11.198,-2.2544,0.13552
1880.8,0,25.675,7.8469,11.216,-2.2411,0.13574
1880.9,0,25.721,7.865,11.234,-2.2278,0.13595
1881,0,25.768,7.8831,11.252,-2.2144,0.13616
1881.1,0,25.814,7.9013,11.27,-2.201,0.13638
1881.2,0,25.86,7.9195,11.288,-2.1876,0.13659
1881.3,0,25.906,7.9377,11.306,-2.1742,0.13681
1881.4,0,25.951,7.956,11.324,-2.1607,0.13703
1881.5,0,25.996,7.9743,11.342,-2.1472,0.13724
1881.6,0,26.04,7.9926,11.36,-2.1337,0.13746
1881.7,0,26.084,8.0109,11.378,-2.1201,0.13768
1881.8,0,26.127,8.0293,11.397,-2.1065,0.1379
1881.9,0,26.17,8.0477,11.415,-2.0929,0.13812
1882,0,26.213,8.0662,11.433,-2.0793,0.13834
1882.1,0,26.256,8.0847,11.451,-2.0656,0.13856
1882.2,0,26.298,8.1032,11.47,-2.0519,0.13878
1882.3,0,26.341,8.1217,11.488,-2.0382,0.139
1882.4,0,26.384,8.1403,11.507,-2.0244,0.13922
1882.5,0,26.427,8.1588,11.525,-2.0106,0.13944
1882.6,0,26.47,8.1775,11.544,-1.9968,0.13966
1882.7,0,26.513,8.1961,11.562,-1.983,0.13988
1882.8,0,26.557,8.2148,11.581,-1.9691,0.14011
1882.9,0,26.6,8.2335,11.599,-1.9552,0.14033
1883,0,26.644,8.2522,11.618,-1.9413,0.14055
1883.1,0,26.688,8.271,11.637,-1.9273,0.14077
1883.2,0,26.731,8.2898,11.655,-1.9133,0.141
1883.3,0,26.775,8.3086,11.674,-1.8993,0.14122
1883.4,0,26.819,8.3275,11.693,-1.8853,0.14145
1883.5,0,26.862,8.3464,11.711,-1.8712,0.14167
1883.6,0,26.906,8.3653,11.73,-1.8571,0.1419
1883.7,0,26.95,8.3842,11.749,-1.843,0.14212
1883.8,0,26.993,8.4032,11.768,-1.8288,0.14235
1883.9,0,27.037,8.4222,11.787,-1.8146,0.14258
1884,0,27.081,8.4413,11.806,-1.8004,0.1428
1884.1,0,27.124,8.4603,11.824,-1.7862,0.14303
1884.2,0,27.168,8.4794,11.843,-1.7719,0.14326
1884.3,0,27.211,8.4986,11.862,-1.7576,0.14348
1884.4,0,27.255,8.5177,11.881,-1.7433,0.14371
1884.5,0,27.299,8.5369,11.9,-1.7289,0.14394
1884.6,0,27.342,8.5561,11.919,-1.7145,0.14417
1884.7,0,27.386,8.5754,11.938,-1.7001,0.1444
1884.8,0,27.429,8.5946,11.958,-1.6857,0.14463
1884.9,0,27.473,8.614,11.977,-1.6712,0.14486
1885,0,27.516,8.6333,11.996,-1.6567,0.14509
1885.1,0,27.56,8.6527,12.015,-1.6422,0.14532
1885.2,0,27.603,8.672,12.034,-1.6276,0.14555
1885.3,0,27.646,8.6915,12.053,-1.613,0.14578
1885.4,0,27.69,8.7109,12.073,-1.5984,0.14601
1885.5,0,27.733,8.7304,12.092,-1.5838,0.14624
1885.6,0,27.777,8.7499,12.111,-1.5691,0.14647
1885.7,0,27.82,8.7695,12.13,-1.5544,0.14671
1885.8,0,27.863,8.789,12.15,-1.5397,0.14694
1885.9,0,27.907,8.8086,12.169,-1.525,0.14717
1886,0,27.95,8.8283,12.188,-1.5102,0.1474
1886.1,0,27.993,8.8479,12.208,-1.4954,0.14764
1886.2,0,28.037,8.8676,12.227,-1.4805,0.14787
1886.3,0,28.08,8.8874,12.247,-1.4657,0.1481
1886.4,0,28.124,8.9071,12.266,-1.4508,0.14834
1886.5,0,28.168,8.9269,12.285,-1.4359,0.14857
1886.6,0,28.211,8.9467,12.305,-1.4209,0.14881
1886.7,0,28.255,8.9665,12.324,-1.4059,0.14904
1886.8,0,28.299,8.9864,12.344,-1.3909,0.14928
1886.9,0,28.343,9.0063,12.363,-1.3759,0.14951
1887,0,28.386,9.0262,12.383,-1.3608,0.14975
1887.1,0,28.43,9.0462,12.402,-1.3457,0.14998
1887.2,0,28.475,9.0662,12.422,-1.3306,0.15022
1887.3,0,28.519,9.0862,12.442,-1.3155,0.15046
1887.4,0,28.564,9.1063,12.461,-1.3003,0.15069
1887.5,0,28.609,9.1263,12.481,-1.2851,0.15093
1887.6,0,28.654,9.1465,12.501,-1.2699,0.15117
1887.7,0,28.699,9.1666,12.52,-1.2546,0.1514
1887.8,0,28.745,9.1868,12.54,-1.2394,0.15164
1887.9,0,28.791,9.207,12.56,-1.2241,0.15188
1888,0,28.837,9.2272,12.58,-1.2087,0.15212
1888.1,0,28.883,9.2475,12.599,-1.1934,0.15236
1888.2,0,28.929,9.2678,12.619,-1.178,0.1526
1888.3,0,28.975,9.2881,12.639,-1.1625,0.15284
1888.4,0,29.021,9.3085,12.659,-1.1471,0.15308
1888.5,0,29.066,9.3289,12.679,-1.1316,0.15332
1888.6,0,29.112,9.3493,12.699,-1.1161,0.15356
1888.7,0,29.157,9.3698,12.719,-1.1006,0.1538
1888.8,0,29.203,9.3902,12.739,-1.085,0.15404
1888.9,0,29.248,9.4108,12.759,-1.0695,0.15428
1889,0,29.293,9.4313,12.779,-1.0538,0.15453
1889.1,0,29.339,9.4519,12.799,-1.0382,0.15477
1889.2,0,29.384,9.4725,12.819,-1.0225,0.15501
1889.3,0,29.43,9.4931,12.839,-1.0068,0.15525
1889.4,0,29.476,9.5138,12.859,-0.99112,0.1555
1889.5,0,29.522,9.5345,12.879,-0.97537,0.15574
1889.6,0,29.568,9.5553,12.9,-0.95959,0.15598
1889.7,0,29.614,9.576,12.92,-0.94378,0.15623
1889.8,0,29.661,9.5968,12.94,-0.92795,0.15647
1889.9,0,29.708,9.6177,12.96,-0.91209,0.15672
1890,0,29.755,9.6385,12.981,-0.8962,0.15696
1890.1,0,29.802,9.6594,13.001,-0.88029,0.15721
1890.2,0,29.849,9.6803,13.021,-0.86434,0.15745
1890.3,0,29.896,9.7013,13.042,-0.84837,0.1577
1890.4,0,29.943,9.7223,13.062,-0.83237,0.15795
1890.5,0,29.991,9.7433,13.083,-0.81635,0.15819
1890.6,0,30.038,9.7644,13.103,-0.80029,0.15844
1890.7,0,30.085,9.7855,13.124,-0.78421,0.15869
1890.8,0,30.133,9.8066,13.144,-0.7681,0.15894
1890.9,0,30.18,9.8277,13.165,-0.75197,0.15919
1891,0,30.227,9.8489,13.185,-0.7358,0.15943
1891.1,0,30.275,9.8702,13.206,-0.71961,0.15968
1891.2,0,30.322,9.8914,13.226,-0.70339,0.15993
1891.3,0,30.37,9.9127,13.247,-0.68714,0.16018
1891.4,0,30.417,9.934,13.268,-0.67087,0.16043
1891.5,0,30.465,9.9554,13.288,-0.65457,0.16068
1891.6,0,30.513,9.9767,13.309,-0.63823,0.16093
1891.7,0,30.561,9.9981,13.33,-0.62188,0.16119
1891.8,0,30.609,10.02,13.351,-0.60549,0.16144
1891.9,0,30.656,10.041,13.372,-0.58908,0.16169
1892,0,30.705,10.063,13.392,-0.57264,0.16194
1892.1,0,30.753,10.084,13.413,-0.55617,0.16219
1892.2,0,30.8,10.106,13.434,-0.53967,0.16245
1892.3,0,30.848,10.127,13.455,-0.52315,0.1627
1892.4,0,30.896,10.149,13.476,-0.50659,0.16295
1892.5,0,30.943,10.171,13.497,-0.49001,0.16321
1892.6,0,30.991,10.192,13.518,-0.47341,0.16346
1892.7,0,31.038,10.214,13.539,-0.45677,0.16371
1892.8,0,31.085,10.236,13.56,-0.44011,0.16397
1892.9,0,31.132,10.258,13.581,-0.42342,0.16422
1893,0,31.179,10.28,13.602,-0.4067,0.16448
1893.1,0,31.226,10.301,13.623,-0.38995,0.16473
1893.2,0,31.274,10.323,13.644,-0.37318,0.16499
1893.3,0,31.321,10.345,13.665,-0.35638,0.16525
1893.4,0,31.369,10.367,13.687,-0.33955,0.1655
1893.5,0,31.417,10.389,13.708,-0.3227,0.16576
1893.6,0,31.465,10.411,13.729,-0.30582,0.16602
1893.7,0,31.513,10.433,13.75,-0.28891,0.16627
1893.8,0,31.562,10.455,13.771,-0.27197,0.16653
1893.9,0,31.611,10.477,13.793,-0.255,0.16679
1894,0,31.66,10.5,13.814,-0.23801,0.16705
1894.1,0,31.709,10.522,13.835,-0.22099,0.1673
1894.2,0,31.758,10.544,13.857,-0.20394,0.16756
1894.3,0,31.808,10.566,13.878,-0.18687,0.16782
1894.4,0,31.858,10.589,13.899,-0.16977,0.16808
1894.5,0,31.908,10.611,13.921,-0.15264,0.16834
1894.6,0,31.958,10.633,13.942,-0.13548,0.1686
1894.7,0,32.008,10.656,13.964,-0.1183,0.16886
1894.8,0,32.058,10.678,13.985,-0.10108,0.16912
1894.9,0,32.109,10.701,14.007,-0.083845,0.16939
1895,0,32.16,10.723,14.029,-0.066578,0.16965
1895.1,0,32.211,10.746,14.05,-0.049283,0.16991
1895.2,0,32.262,10.768,14.072,-0.031961,0.17017
1895.3,0,32.313,10.791,14.094,-0.014611,0.17044
1895.4,0,32.364,10.814,14.115,0.002767,0.1707
1895.5,0,32.415,10.836,14.137,0.020173,0.17096
1895.6,0,32.466,10.859,14.159,0.037606,0.17123
1895.7,0,32.518,10.882,14.181,0.055067,0.17149
1895.8,0,32.569,10.904,14.203,0.072557,0.17176
1895.9,0,32.62,10.927,14.225,0.090074,0.17202
1896,0,32.672,10.95,14.247,0.10762,0.17229
1896.1,0,32.723,10.973,14.268,0.12519,0.17255
1896.2,0,32.775,10.996,14.29,0.14279,0.17282
1896.3,0,32.827,11.019,14.313,0.16042,0.17309
1896.4,0,32.879,11.042,14.335,0.17808,0.17336
1896.5,0,32.931,11.065,14.357,0.19576,0.17362
1896.6,0,32.983,11.088,14.379,0.21348,0.17389
1896.7,0,33.036,11.111,14.401,0.23122,0.17416
1896.8,0,33.088,11.134,14.423,0.24899,0.17443
1896.9,0,33.141,11.157,14.445,0.26679,0.1747
1897,0,33.194,11.181,14.468,0.28461,0.17497
1897.1,0,33.247,11.204,14.49,0.30247,0.17524
1897.2,0,33.3,11.227,14.512,0.32035,0.17551
1897.3,0,33.353,11.25,14.535,0.33826,0.17578
1897.4,0,33.407,11.274,14.557,0.3562,0.17606
1897.5,0,33.46,11.297,14.58,0.37417,0.17633
1897.6,0,33.514,11.321,14.602,0.39217,0.1766
1897.7,0,33.568,11.344,14.625,0.41019,0.17687
1897.8,0,33.622,11.368,14.647,0.42825,0.17715
1897.9,0,33.677,11.391,14.67,0.44633,0.17742
1898,0,33.731,11.415,14.693,0.46444,0.1777
1898.1,0,33.786,11.438,14.715,0.48258,0.17797
1898.2,0,33.841,11.462,14.738,0.50075,0.17825
1898.3,0,33.896,11.486,14.761,0.51895,0.17853
1898.4,0,33.952,11.509,14.784,0.53718,0.1788
1898.5,0,34.008,11.533,14.807,0.55544,0.17908
1898.6,0,34.064,11.557,14.83,0.57373,0.17936
1898.7,0,34.121,11.581,14.853,0.59204,0.17964
1898.8,0,34.178,11.605,14.876,0.61039,0.17992
1898.9,0,34.235,11.629,14.899,0.62876,0.18019
1899,0,34.293,11.653,14.922,0.64717,0.18048
1899.1,0,34.35,11.677,14.945,0.6656,0.18076
1899.2,0,34.408,11.701,14.968,0.68407,0.18104
1899.3,0,34.466,11.725,14.992,0.70256,0.18132
1899.4,0,34.525,11.749,15.015,0.72109,0.1816
1899.5,0,34.583,11.773,15.038,0.73964,0.18189
1899.6,0,34.642,11.797,15.062,0.75823,0.18217
1899.7,0,34.7,11.821,15.085,0.77684,0.18245
1899.8,0,34.759,11.846,15.109,0.79549,0.18274
1899.9,0,34.818,11.87,15.133,0.81417,0.18303
1900,0,34.878,11.894,15.156,0.83287,0.18331
1900.1,0,34.937,11.919,15.18,0.85161,0.1836
1900.2,0,34.997,11.943,15.204,0.87038,0.18389
1900.3,0,35.059,11.968,15.228,0.88919,0.18418
1900.4,0,35.12,11.992,15.251,0.90802,0.18447
1900.5,0,35.183,12.017,15.275,0.92688,0.18476
1900.6,0,35.246,12.042,15.3,0.94578,0.18505
1900.7,0,35.31,12.066,15.324,0.96471,0.18534
1900.8,0,35.374,12.091,15.348,0.98367,0.18563
1900.9,0,35.439,12.116,15.372,1.0027,0.18593
1901,0,35.505,12.14,15.396,1.0217,0.18622
1901.1,0,35.571,12.165,15.421,1.0407,0.18652
1901.2,0,35.638,12.19,15.445,1.0598,0.18681
1901.3,0,35.704,12.215,15.47,1.079,0.18711
1901.4,0,35.77,12.24,15.495,1.0981,0.18741
1901.5,0,35.837,12.265,15.52,1.1173,0.18771
1901.6,0,35.903,12.29,15.544,1.1365,0.18801
1901.7,0,35.969,12.315,15.569,1.1558,0.18831
1901.8,0,36.036,12.34,15.594,1.1751,0.18861
1901.9,0,36.102,12.366,15.62,1.1944,0.18891
1902,0,36.168,12.391,15.645,1.2138,0.18922
1902.1,0,36.235,12.416,15.67,1.2332,0.18952
1902.2,0,36.302,12.442,15.695,1.2526,0.18983
1902.3,0,36.37,12.467,15.721,1.2721,0.19013
1902.4,0,36.439,12.492,15.746,1.2916,0.19044
1902.5,0,36.508,12.518,15.772,1.3111,0.19075
1902.6,0,36.578,12.543,15.797,1.3307,0.19106
1902.7,0,36.649,12.569,15.823,1.3503,0.19137
1902.8,0,36.72,12.595,15.849,1.37,0.19168
1902.9,0,36.792,12.62,15.875,1.3897,0.192
1903,0,36.864,12.646,15.901,1.4094,0.19231
1903.1,0,36.937,12.672,15.927,1.4292,0.19262
1903.2,0,37.01,12.698,15.953,1.449,0.19294
1903.3,0,37.083,12.724,15.98,1.4688,0.19326
1903.4,0,37.156,12.75,16.006,1.4887,0.19358
1903.5,0,37.229,12.776,16.033,1.5086,0.1939
1903.6,0,37.303,12.802,16.059,1.5285,0.19422
1903.7,0,37.376,12.828,16.086,1.5485,0.19454
1903.8,0,37.45,12.854,16.113,1.5686,0.19486
1903.9,0,37.524,12.88,16.14,1.5886,0.19519
1904,0,37.598,12.906,16.167,1.6088,0.19551
1904.1,0,37.673,12.933,16.194,1.6289,0.19584
1904.2,0,37.747,12.959,16.221,1.6491,0.19616
1904.3,0,37.823,12.985,16.249,1.6693,0.19649
1904.4,0,37.898,13.012,16.276,1.6896,0.19682
1904.5,0,37.975,13.038,16.304,1.7099,0.19715
1904.6,0,38.051,13.065,16.331,1.7303,0.19749
1904.7,0,38.128,13.092,16.359,1.7507,0.19782
1904.8,0,38.206,13.118,16.387,1.7712,0.19815
1904.9,0,38.284,13.145,16.415,1.7916,0.19849
1905,0,38.363,13.172,16.443,1.8122,0.19883
1905.1,0,38.441,13.199,16.471,1.8327,0.19917
1905.2,0,38.521,13.225,16.499,1.8534,0.19951
1905.3,0,38.601,13.252,16.528,1.874,0.19985
1905.4,0,38.682,13.279,16.556,1.8947,0.20019
1905.5,0,38.763,13.306,16.585,1.9155,0.20053
1905.6,0,38.844,13.334,16.613,1.9363,0.20088
1905.7,0,38.927,13.361,16.642,1.9571,0.20122
1905.8,0,39.009,13.388,16.671,1.978,0.20157
1905.9,0,39.092,13.415,16.7,1.9989,0.20192
1906,0,39.176,13.443,16.729,2.0199,0.20227
1906.1,0,39.261,13.47,16.759,2.0409,0.20262
1906.2,0,39.345,13.498,16.788,2.062,0.20298
1906.3,0,39.431,13.525,16.818,2.0831,0.20333
1906.4,0,39.517,13.553,16.847,2.1043,0.20369
1906.5,0,39.604,13.58,16.877,2.1255,0.20404
1906.6,0,39.692,13.608,16.907,2.1467,0.2044
1906.7,0,39.78,13.636,16.937,2.1681,0.20477
1906.8,0,39.868,13.664,16.968,2.1894,0.20513
1906.9,0,39.958,13.691,16.998,2.2108,0.20549
1907,0,40.047,13.719,17.029,2.2323,0.20586
1907.1,0,40.137,13.747,17.059,2.2538,0.20622
1907.2,0,40.227,13.776,17.09,2.2753,0.20659
1907.3,0,40.316,13.804,17.121,2.297,0.20696
1907.4,0,40.404,13.832,17.152,2.3186,0.20734
1907.5,0,40.492,13.86,17.183,2.3403,0.20771
1907.6,0,40.58,13.889,17.214,2.3621,0.20808
1907.7,0,40.667,13.917,17.246,2.3839,0.20846
1907.8,0,40.753,13.945,17.277,2.4058,0.20884
1907.9,0,40.839,13.974,17.309,2.4277,0.20922
1908,0,40.925,14.002,17.341,2.4497,0.2096
1908.1,0,41.011,14.031,17.373,2.4717,0.20998
1908.2,0,41.096,14.06,17.405,2.4938,0.21036
1908.3,0,41.182,14.089,17.437,2.5159,0.21075
1908.4,0,41.268,14.117,17.469,2.5381,0.21113
1908.5,0,41.355,14.146,17.501,2.5604,0.21152
1908.6,0,41.441,14.175,17.533,2.5827,0.2119
1908.7,0,41.528,14.204,17.566,2.605,0.21229
1908.8,0,41.615,14.233,17.598,2.6274,0.21268
1908.9,0,41.702,14.262,17.631,2.6499,0.21307
1909,0,41.79,14.292,17.664,2.6724,0.21347
1909.1,0,41.877,14.321,17.696,2.695,0.21386
1909.2,0,41.965,14.35,17.729,2.7176,0.21425
1909.3,0,42.053,14.379,17.762,2.7403,0.21465
1909.4,0,42.141,14.409,17.795,2.7631,0.21505
1909.5,0,42.229,14.438,17.829,2.7859,0.21544
1909.6,0,42.318,14.468,17.862,2.8087,0.21584
1909.7,0,42.407,14.498,17.895,2.8316,0.21624
1909.8,0,42.495,14.527,17.929,2.8546,0.21665
1909.9,0,42.584,14.557,17.962,2.8776,0.21705
1910,0,42.674,14.587,17.996,2.9007,0.21745
1910.1,0,42.763,14.617,18.03,2.9238,0.21786
1910.2,0,42.851,14.647,18.064,2.947,0.21827
1910.3,0,42.939,14.677,18.098,2.9703,0.21867
1910.4,0,43.026,14.707,18.132,2.9936,0.21908
1910.5,0,43.113,14.737,18.166,3.017,0.21949
1910.6,0,43.199,14.767,18.2,3.0404,0.2199
1910.7,0,43.284,14.797,18.234,3.0639,0.22032
1910.8,0,43.369,14.827,18.269,3.0874,0.22073
1910.9,0,43.453,14.858,18.303,3.111,0.22114
1911,0,43.536,14.888,18.337,3.1347,0.22156
1911.1,0,43.62,14.919,18.372,3.1584,0.22197
1911.2,0,43.703,14.949,18.406,3.1821,0.22239
1911.3,0,43.786,14.98,18.441,3.206,0.2228
1911.4,0,43.869,15.01,18.476,3.2299,0.22322
1911.5,0,43.952,15.041,18.51,3.2538,0.22364
1911.6,0,44.034,15.072,18.545,3.2778,0.22406
1911.7,0,44.117,15.103,18.58,3.3019,0.22447
1911.8,0,44.2,15.133,18.615,3.326,0.22489
1911.9,0,44.282,15.164,18.65,3.3502,0.22531
1912,0,44.364,15.195,18.685,3.3744,0.22574
1912.1,0,44.447,15.226,18.719,3.3987,0.22616
1912.2,0,44.529,15.257,18.754,3.423,0.22658
1912.3,0,44.612,15.289,18.79,3.4474,0.227
1912.4,0,44.695,15.32,18.825,3.4719,0.22743
1912.5,0,44.778,15.351,18.86,3.4964,0.22785
1912.6,0,44.862,15.382,18.895,3.5209,0.22828
1912.7,0,44.945,15.414,18.93,3.5456,0.2287
1912.8,0,45.029,15.445,18.965,3.5702,0.22913
1912.9,0,45.113,15.477,19.001,3.595,0.22955
1913,0,45.197,15.508,19.036,3.6198,0.22998
1913.1,0,45.28,15.54,19.071,3.6446,0.23041
1913.2,0,45.362,15.572,19.107,3.6695,0.23084
1913.3,0,45.444,15.603,19.142,3.6945,0.23127
1913.4,0,45.524,15.635,19.178,3.7195,0.2317
1913.5,0,45.602,15.667,19.213,3.7446,0.23213
1913.6,0,45.68,15.699,19.249,3.7697,0.23256
1913.7,0,45.756,15.731,19.284,3.7949,0.23299
1913.8,0,45.832,15.763,19.32,3.8201,0.23342
1913.9,0,45.906,15.795,19.355,3.8454,0.23385
1914,0,45.979,15.827,19.391,3.8708,0.23428
1914.1,0,46.051,15.859,19.426,3.8962,0.23471
1914.2,0,46.123,15.891,19.462,3.9216,0.23514
1914.3,0,46.195,15.924,19.497,3.9471,0.23557
1914.4,0,46.266,15.956,19.533,3.9727,0.236
1914.5,0,46.337,15.988,19.568,3.9983,0.23643
1914.6,0,46.408,16.021,19.603,4.024,0.23686
1914.7,0,46.479,16.053,19.639,4.0497,0.23729
1914.8,0,46.549,16.086,19.674,4.0755,0.23772
1914.9,0,46.619,16.118,19.709,4.1013,0.23815
1915,0,46.688,16.151,19.745,4.1271,0.23858
1915.1,0,46.758,16.183,19.78,4.1531,0.23901
1915.2,0,46.828,16.216,19.815,4.179,0.23944
1915.3,0,46.899,16.249,19.85,4.2051,0.23987
1915.4,0,46.97,16.281,19.885,4.2311,0.2403
1915.5,0,47.042,16.314,19.92,4.2572,0.24073
1915.6,0,47.115,16.347,19.955,4.2834,0.24116
1915.7,0,47.188,16.38,19.99,4.3096,0.24159
1915.8,0,47.262,16.413,20.025,4.3359,0.24202
1915.9,0,47.336,16.446,20.06,4.3622,0.24244
1916,0,47.411,16.479,20.096,4.3885,0.24287
1916.1,0,47.486,16.512,20.131,4.4149,0.2433
1916.2,0,47.562,16.546,20.166,4.4414,0.24373
1916.3,0,47.638,16.579,20.201,4.4679,0.24416
1916.4,0,47.715,16.612,20.236,4.4944,0.24459
1916.5,0,47.792,16.645,20.271,4.521,0.24502
1916.6,0,47.87,16.679,20.306,4.5476,0.24545
1916.7,0,47.948,16.712,20.341,4.5743,0.24588
1916.8,0,48.026,16.746,20.376,4.601,0.24631
1916.9,0,48.105,16.779,20.411,4.6278,0.24674
1917,0,48.185,16.813,20.446,4.6546,0.24717
1917.1,0,48.264,16.847,20.482,4.6814,0.24761
1917.2,0,48.344,16.88,20.517,4.7084,0.24804
1917.3,0,48.423,16.914,20.552,4.7353,0.24847
1917.4,0,48.501,16.948,20.587,4.7623,0.2489
1917.5,0,48.58,16.982,20.622,4.7893,0.24934
1917.6,0,48.658,17.016,20.658,4.8164,0.24977
1917.7,0,48.736,17.05,20.693,4.8435,0.2502
1917.8,0,48.814,17.084,20.728,4.8707,0.25064
1917.9,0,48.891,17.118,20.764,4.8979,0.25107
1918,0,48.968,17.152,20.799,4.9252,0.2515
1918.1,0,49.044,17.186,20.834,4.9525,0.25194
1918.2,0,49.119,17.22,20.87,4.9798,0.25237
1918.3,0,49.193,17.255,20.905,5.0072,0.25281
1918.4,0,49.265,17.289,20.94,5.0347,0.25324
1918.5,0,49.336,17.323,20.975,5.0621,0.25367
1918.6,0,49.406,17.358,21.011,5.0897,0.25411
1918.7,0,49.474,17.392,21.046,5.1172,0.25454
1918.8,0,49.541,17.427,21.081,5.1448,0.25497
1918.9,0,49.607,17.461,21.116,5.1725,0.25541
1919,0,49.672,17.496,21.151,5.2001,0.25584
1919.1,0,49.736,17.531,21.186,5.2279,0.25627
1919.2,0,49.802,17.565,21.221,5.2556,0.2567
1919.3,0,49.869,17.6,21.256,5.2834,0.25713
1919.4,0,49.938,17.635,21.291,5.3113,0.25756
1919.5,0,50.007,17.67,21.326,5.3392,0.25799
1919.6,0,50.078,17.705,21.36,5.3671,0.25842
1919.7,0,50.15,17.74,21.395,5.395,0.25885
1919.8,0,50.223,17.775,21.43,5.423,0.25928
1919.9,0,50.297,17.81,21.465,5.4511,0.25971
1920,0,50.373,17.845,21.5,5.4792,0.26014
1920.1,0,50.448,17.88,21.534,5.5073,0.26057
1920.2,0,50.523,17.915,21.569,5.5354,0.261
1920.3,0,50.597,17.95,21.604,5.5636,0.26143
1920.4,0,50.67,17.986,21.639,5.5918,0.26186
1920.5,0,50.742,18.021,21.673,5.6201,0.26229
1920.6,0,50.813,18.056,21.708,5.6484,0.26272
1920.7,0,50.883,18.092,21.743,5.6767,0.26315
1920.8,0,50.953,18.127,21.777,5.7051,0.26358
1920.9,0,51.022,18.163,21.812,5.7335,0.26401
1921,0,51.089,18.199,21.847,5.7619,0.26444
1921.1,0,51.157,18.234,21.881,5.7904,0.26487
1921.2,0,51.224,18.27,21.916,5.8189,0.2653
1921.3,0,51.293,18.306,21.95,5.8474,0.26573
1921.4,0,51.361,18.341,21.985,5.876,0.26616
1921.5,0,51.43,18.377,22.019,5.9046,0.26658
1921.6,0,51.498,18.413,22.054,5.9333,0.26701
1921.7,0,51.568,18.449,22.088,5.9619,0.26744
1921.8,0,51.637,18.485,22.123,5.9907,0.26787
1921.9,0,51.707,18.521,22.157,6.0194,0.26829
1922,0,51.777,18.557,22.191,6.0482,0.26872
1922.1,0,51.848,18.593,22.226,6.077,0.26915
1922.2,0,51.92,18.629,22.26,6.1058,0.26957
1922.3,0,51.993,18.665,22.294,6.1347,0.27
1922.4,0,52.068,18.702,22.328,6.1636,0.27042
1922.5,0,52.144,18.738,22.363,6.1925,0.27085
1922.6,0,52.221,18.774,22.397,6.2215,0.27128
1922.7,0,52.299,18.811,22.431,6.2505,0.27171
1922.8,0,52.379,18.847,22.466,6.2795,0.27213
1922.9,0,52.46,18.883,22.5,6.3086,0.27256
1923,0,52.542,18.92,22.535,6.3377,0.27299
1923.1,0,52.624,18.957,22.569,6.3668,0.27342
1923.2,0,52.706,18.993,22.604,6.3959,0.27385
1923.3,0,52.789,19.03,22.638,6.4251,0.27428
1923.4,0,52.871,19.067,22.673,6.4543,0.27471
1923.5,0,52.953,19.104,22.707,6.4836,0.27514
1923.6,0,53.034,19.141,22.742,6.5129,0.27557
1923.7,0,53.116,19.178,22.777,6.5422,0.276
1923.8,0,53.197,19.215,22.812,6.5715,0.27643
1923.9,0,53.279,19.252,22.846,6.6009,0.27686
1924,0,53.36,19.289,22.881,6.6303,0.2773
1924.1,0,53.441,19.326,22.916,6.6598,0.27773
1924.2,0,53.522,19.363,22.951,6.6892,0.27816
1924.3,0,53.603,19.4,22.986,6.7187,0.2786
1924.4,0,53.685,19.438,23.021,6.7483,0.27903
1924.5,0,53.766,19.475,23.056,6.7778,0.27947
1924.6,0,53.847,19.513,23.091,6.8074,0.2799
1924.7,0,53.929,19.55,23.126,6.8371,0.28034
1924.8,0,54.01,19.588,23.161,6.8667,0.28077
1924.9,0,54.091,19.625,23.196,6.8964,0.28121
1925,0,54.173,19.663,23.231,6.9262,0.28165
1925.1,0,54.254,19.701,23.267,6.9559,0.28208
1925.2,0,54.336,19.738,23.302,6.9857,0.28252
1925.3,0,54.417,19.776,23.337,7.0155,0.28296
1925.4,0,54.499,19.814,23.372,7.0454,0.2834
1925.5,0,54.58,19.852,23.408,7.0753,0.28384
1925.6,0,54.662,19.89,23.443,7.1052,0.28427
1925.7,0,54.743,19.928,23.478,7.1352,0.28471
1925.8,0,54.825,19.966,23.514,7.1652,0.28515
1925.9,0,54.906,20.004,23.549,7.1952,0.28559
1926,0,54.988,20.043,23.585,7.2252,0.28603
1926.1,0,55.07,20.081,23.62,7.2553,0.28647
1926.2,0,55.153,20.119,23.656,7.2854,0.28691
1926.3,0,55.237,20.158,23.691,7.3156,0.28736
1926.4,0,55.323,20.196,23.727,7.3457,0.2878
1926.5,0,55.409,20.235,23.762,7.3759,0.28824
1926.6,0,55.496,20.273,23.798,7.4062,0.28868
1926.7,0,55.585,20.312,23.834,7.4364,0.28913
1926.8,0,55.674,20.351,23.87,7.4667,0.28957
1926.9,0,55.765,20.389,23.905,7.4971,0.29002
1927,0,55.856,20.428,23.941,7.5275,0.29046
1927.1,0,55.948,20.467,23.977,7.5579,0.29091
1927.2,0,56.04,20.506,24.013,7.5883,0.29136
1927.3,0,56.131,20.545,24.05,7.6188,0.29181
1927.4,0,56.223,20.584,24.086,7.6493,0.29226
1927.5,0,56.315,20.623,24.122,7.6798,0.29271
1927.6,0,56.406,20.662,24.159,7.7104,0.29316
1927.7,0,56.497,20.702,24.195,7.741,0.29361
1927.8,0,56.588,20.741,24.231,7.7716,0.29406
1927.9,0,56.679,20.78,24.268,7.8023,0.29451
1928,0,56.77,20.82,24.305,7.833,0.29497
1928.1,0,56.862,20.859,24.341,7.8637,0.29542
1928.2,0,56.954,20.899,24.378,7.8945,0.29588
1928.3,0,57.047,20.939,24.415,7.9253,0.29633
1928.4,0,57.141,20.978,24.452,7.9561,0.29679
1928.5,0,57.236,21.018,24.489,7.987,0.29725
1928.6,0,57.332,21.058,24.526,8.0179,0.29771
1928.7,0,57.429,21.098,24.563,8.0489,0.29817
1928.8,0,57.527,21.138,24.6,8.0799,0.29863
1928.9,0,57.625,21.178,24.638,8.1109,0.29909
1929,0,57.725,21.218,24.675,8.1419,0.29956
1929.1,0,57.824,21.258,24.713,8.173,0.30002
1929.2,0,57.924,21.298,24.75,8.2042,0.30048
1929.3,0,58.023,21.338,24.788,8.2353,0.30095
1929.4,0,58.121,21.379,24.826,8.2665,0.30142
1929.5,0,58.22,21.419,24.863,8.2978,0.30189
1929.6,0,58.318,21.46,24.901,8.329,0.30236
1929.7,0,58.415,21.5,24.94,8.3604,0.30283
1929.8,0,58.513,21.541,24.978,8.3917,0.3033
1929.9,0,58.61,21.582,25.016,8.4231,0.30377
1930,0,58.706,21.623,25.054,8.4545,0.30424
1930.1,0,58.802,21.663,25.092,8.486,0.30472
1930.2,0,58.897,21.704,25.131,8.5175,0.30519
1930.3,0,58.991,21.745,25.169,8.549,0.30567
1930.4,0,59.083,21.786,25.208,8.5806,0.30614
1930.5,0,59.174,21.827,25.246,8.6123,0.30662
1930.6,0,59.264,21.869,25.285,8.6439,0.3071
1930.7,0,59.353,21.91,25.323,8.6756,0.30757
1930.8,0,59.441,21.951,25.362,8.7074,0.30805
1930.9,0,59.528,21.992,25.401,8.7391,0.30853
1931,0,59.613,22.034,25.439,8.7709,0.30901
1931.1,0,59.697,22.075,25.478,8.8028,0.30949
1931.2,0,59.779,22.117,25.517,8.8347,0.30997
1931.3,0,59.859,22.158,25.555,8.8666,0.31044
1931.4,0,59.937,22.2,25.594,8.8986,0.31092
1931.5,0,60.013,22.242,25.632,8.9306,0.3114
1931.6,0,60.087,22.283,25.671,8.9626,0.31188
1931.7,0,60.16,22.325,25.709,8.9947,0.31235
1931.8,0,60.23,22.367,25.748,9.0268,0.31283
1931.9,0,60.298,22.409,25.786,9.059,0.31331
1932,0,60.365,22.451,25.824,9.0911,0.31378
1932.1,0,60.43,22.493,25.862,9.1233,0.31425
1932.2,0,60.497,22.535,25.9,9.1556,0.31473
1932.3,0,60.563,22.577,25.938,9.1879,0.3152
1932.4,0,60.63,22.619,25.976,9.2202,0.31567
1932.5,0,60.698,22.661,26.014,9.2525,0.31614
1932.6,0,60.766,22.703,26.051,9.2849,0.31661
1932.7,0,60.834,22.745,26.089,9.3173,0.31708
1932.8,0,60.903,22.787,26.126,9.3497,0.31755
1932.9,0,60.972,22.83,26.164,9.3822,0.31801
1933,0,61.042,22.872,26.201,9.4147,0.31848
1933.1,0,61.112,22.915,26.239,9.4472,0.31895
1933.2,0,61.183,22.957,26.276,9.4798,0.31941
1933.3,0,61.254,22.999,26.313,9.5123,0.31988
1933.4,0,61.326,23.042,26.35,9.5449,0.32034
1933.5,0,61.399,23.085,26.387,9.5776,0.32081
1933.6,0,61.473,23.127,26.424,9.6102,0.32127
1933.7,0,61.547,23.17,26.461,9.6429,0.32174
1933.8,0,61.621,23.213,26.498,9.6756,0.3222
1933.9,0,61.697,23.255,26.535,9.7083,0.32266
1934,0,61.773,23.298,26.572,9.7411,0.32312
1934.1,0,61.849,23.341,26.609,9.7739,0.32359
1934.2,0,61.926,23.384,26.646,9.8067,0.32405
1934.3,0,62.004,23.427,26.683,9.8395,0.32451
1934.4,0,62.082,23.47,26.72,9.8724,0.32497
1934.5,0,62.16,23.513,26.756,9.9053,0.32543
1934.6,0,62.239,23.556,26.793,9.9382,0.3259
1934.7,0,62.318,23.6,26.83,9.9711,0.32636
1934.8,0,62.398,23.643,26.867,10.004,0.32682
1934.9,0,62.478,23.686,26.904,10.037,0.32728
1935,0,62.559,23.729,26.94,10.07,0.32774
1935.1,0,62.64,23.773,26.977,10.103,0.32821
1935.2,0,62.723,23.816,27.014,10.136,0.32867
1935.3,0,62.806,23.86,27.051,10.169,0.32913
1935.4,0,62.891,23.903,27.088,10.202,0.32959
1935.5,0,62.976,23.947,27.124,10.235,0.33005
1935.6,0,63.063,23.991,27.161,10.269,0.33052
1935.7,0,63.15,24.034,27.198,10.302,0.33098
1935.8,0,63.239,24.078,27.235,10.335,0.33144
1935.9,0,63.328,24.122,27.272,10.368,0.33191
1936,0,63.418,24.166,27.309,10.401,0.33237
1936.1,0,63.51,24.21,27.346,10.435,0.33284
1936.2,0,63.601,24.254,27.383,10.468,0.33331
1936.3,0,63.693,24.298,27.421,10.501,0.33377
1936.4,0,63.786,24.342,27.458,10.535,0.33424
1936.5,0,63.878,24.387,27.495,10.568,0.33471
1936.6,0,63.972,24.431,27.533,10.601,0.33518
1936.7,0,64.065,24.475,27.57,10.635,0.33564
1936.8,0,64.159,24.52,27.608,10.668,0.33611
1936.9,0,64.254,24.564,27.645,10.702,0.33658
1937,0,64.349,24.609,27.683,10.735,0.33706
1937.1,0,64.443,24.653,27.72,10.769,0.33753
1937.2,0,64.537,24.698,27.758,10.802,0.338
1937.3,0,64.63,24.743,27.796,10.836,0.33847
1937.4,0,64.723,24.788,27.834,10.869,0.33895
1937.5,0,64.814,24.833,27.872,10.903,0.33942
1937.6,0,64.905,24.878,27.91,10.936,0.3399
1937.7,0,64.995,24.923,27.948,10.97,0.34037
1937.8,0,65.084,24.968,27.986,11.004,0.34085
1937.9,0,65.173,25.013,28.024,11.037,0.34133
1938,0,65.261,25.058,28.062,11.071,0.3418
1938.1,0,65.348,25.103,28.1,11.105,0.34228
1938.2,0,65.436,25.148,28.138,11.139,0.34276
1938.3,0,65.525,25.194,28.176,11.173,0.34323
1938.4,0,65.613,25.239,28.214,11.206,0.34371
1938.5,0,65.702,25.285,28.252,11.24,0.34419
1938.6,0,65.792,25.33,28.291,11.274,0.34467
1938.7,0,65.882,25.376,28.329,11.308,0.34515
1938.8,0,65.972,25.422,28.367,11.342,0.34562
1938.9,0,66.063,25.467,28.405,11.376,0.3461
1939,0,66.153,25.513,28.444,11.41,0.34658
1939.1,0,66.245,25.559,28.482,11.444,0.34706
1939.2,0,66.337,25.605,28.52,11.478,0.34755
1939.3,0,66.43,25.651,28.559,11.512,0.34803
1939.4,0,66.524,25.697,28.597,11.546,0.34851
1939.5,0,66.619,25.743,28.636,11.58,0.34899
1939.6,0,66.715,25.789,28.674,11.614,0.34947
1939.7,0,66.811,25.835,28.713,11.649,0.34996
1939.8,0,66.908,25.882,28.752,11.683,0.35044
1939.9,0,67.006,25.928,28.79,11.717,0.35093
1940,0,67.105,25.974,28.829,11.751,0.35141
1940.1,0,67.204,26.021,28.868,11.786,0.3519
1940.2,0,67.303,26.067,28.907,11.82,0.35239
1940.3,0,67.402,26.114,28.946,11.854,0.35288
1940.4,0,67.501,26.161,28.985,11.889,0.35337
1940.5,0,67.6,26.207,29.024,11.923,0.35386
1940.6,0,67.699,26.254,29.064,11.957,0.35435
1940.7,0,67.799,26.301,29.103,11.992,0.35484
1940.8,0,67.898,26.348,29.142,12.026,0.35533
1940.9,0,67.997,26.395,29.182,12.061,0.35582
1941,0,68.096,26.442,29.221,12.095,0.35632
1941.1,0,68.195,26.489,29.261,12.13,0.35681
1941.2,0,68.295,26.537,29.3,12.164,0.35731
1941.3,0,68.394,26.584,29.34,12.199,0.3578
1941.4,0,68.494,26.631,29.38,12.234,0.3583
1941.5,0,68.594,26.679,29.419,12.268,0.3588
1941.6,0,68.694,26.726,29.459,12.303,0.35929
1941.7,0,68.794,26.774,29.499,12.338,0.35979
1941.8,0,68.894,26.822,29.539,12.373,0.36029
1941.9,0,68.995,26.869,29.579,12.407,0.36079
1942,0,69.095,26.917,29.619,12.442,0.36129
1942.1,0,69.196,26.965,29.659,12.477,0.3618
1942.2,0,69.297,27.013,29.7,12.512,0.3623
1942.3,0,69.398,27.061,29.74,12.547,0.3628
1942.4,0,69.5,27.109,29.78,12.582,0.36331
1942.5,0,69.602,27.157,29.821,12.617,0.36381
1942.6,0,69.704,27.205,29.861,12.652,0.36432
1942.7,0,69.806,27.253,29.902,12.687,0.36482
1942.8,0,69.909,27.302,29.942,12.722,0.36533
1942.9,0,70.012,27.35,29.983,12.757,0.36584
1943,0,70.115,27.399,30.023,12.792,0.36635
1943.1,0,70.218,27.447,30.064,12.827,0.36686
1943.2,0,70.321,27.496,30.105,12.862,0.36737
1943.3,0,70.424,27.544,30.146,12.897,0.36788
1943.4,0,70.527,27.593,30.187,12.933,0.36839
1943.5,0,70.63,27.642,30.228,12.968,0.3689
1943.6,0,70.732,27.691,30.269,13.003,0.36941
1943.7,0,70.834,27.74,30.31,13.039,0.36993
1943.8,0,70.936,27.789,30.351,13.074,0.37044
1943.9,0,71.038,27.838,30.393,13.109,0.37096
1944,0,71.14,27.887,30.434,13.145,0.37147
1944.1,0,71.24,27.936,30.475,13.18,0.37199
1944.2,0,71.338,27.986,30.517,13.216,0.37251
1944.3,0,71.434,28.035,30.558,13.251,0.37303
1944.4,0,71.527,28.084,30.599,13.287,0.37354
1944.5,0,71.618,28.134,30.641,13.322,0.37406
1944.6,0,71.707,28.183,30.682,13.358,0.37458
1944.7,0,71.794,28.233,30.723,13.394,0.3751
1944.8,0,71.878,28.283,30.765,13.429,0.37561
1944.9,0,71.96,28.332,30.806,13.465,0.37613
1945,0,72.04,28.382,30.847,13.501,0.37665
1945.1,0,72.119,28.432,30.888,13.537,0.37716
1945.2,0,72.2,28.482,30.929,13.572,0.37768
1945.3,0,72.283,28.532,30.97,13.608,0.37819
1945.4,0,72.367,28.582,31.011,13.644,0.37871
1945.5,0,72.453,28.632,31.052,13.68,0.37922
1945.6,0,72.54,28.682,31.093,13.716,0.37973
1945.7,0,72.629,28.732,31.134,13.752,0.38025
1945.8,0,72.72,28.782,31.175,13.788,0.38076
1945.9,0,72.812,28.833,31.216,13.824,0.38128
1946,0,72.905,28.883,31.257,13.86,0.38179
1946.1,0,73,28.933,31.298,13.896,0.3823
1946.2,0,73.097,28.984,31.339,13.932,0.38282
1946.3,0,73.195,29.034,31.38,13.968,0.38333
1946.4,0,73.296,29.085,31.421,14.004,0.38385
1946.5,0,73.398,29.136,31.462,14.04,0.38437
1946.6,0,73.501,29.186,31.503,14.076,0.38488
1946.7,0,73.607,29.237,31.544,14.112,0.3854
1946.8,0,73.714,29.288,31.585,14.149,0.38592
1946.9,0,73.823,29.339,31.626,14.185,0.38644
1947,0,73.933,29.39,31.668,14.221,0.38696
1947.1,0,74.045,29.441,31.709,14.258,0.38748
1947.2,0,74.157,29.492,31.751,14.294,0.388
1947.3,0,74.27,29.544,31.793,14.33,0.38853
1947.4,0,74.383,29.595,31.835,14.367,0.38905
1947.5,0,74.497,29.646,31.876,14.403,0.38958
1947.6,0,74.612,29.698,31.918,14.439,0.3901
1947.7,0,74.728,29.75,31.961,14.476,0.39063
1947.8,0,74.844,29.801,32.003,14.512,0.39116
1947.9,0,74.96,29.853,32.045,14.549,0.39169
1948,0,75.077,29.905,32.088,14.586,0.39223
1948.1,0,75.195,29.957,32.13,14.622,0.39276
1948.2,0,75.311,30.009,32.173,14.659,0.3933
1948.3,0,75.427,30.061,32.216,14.695,0.39383
1948.4,0,75.543,30.113,32.258,14.732,0.39437
1948.5,0,75.657,30.165,32.301,14.769,0.39491
1948.6,0,75.771,30.217,32.345,14.806,0.39545
1948.7,0,75.885,30.27,32.388,14.842,0.39599
1948.8,0,75.998,30.322,32.431,14.879,0.39653
1948.9,0,76.11,30.375,32.474,14.916,0.39707
1949,0,76.222,30.427,32.518,14.953,0.39762
1949.1,0,76.334,30.48,32.561,14.99,0.39816
1949.2,0,76.449,30.533,32.605,15.027,0.39871
1949.3,0,76.565,30.585,32.648,15.064,0.39925
1949.4,0,76.684,30.638,32.692,15.101,0.3998
1949.5,0,76.805,30.691,32.736,15.138,0.40035
1949.6,0,76.927,30.744,32.78,15.175,0.4009
1949.7,0,77.052,30.798,32.824,15.212,0.40145
1949.8,0,77.178,30.851,32.868,15.249,0.40201
1949.9,0,77.307,30.904,32.912,15.286,0.40256
1950,0,77.437,30.958,32.957,15.324,0.40312
1950.1,0,77.57,31.011,33.002,15.361,0.40368
1950.2,0,77.707,31.065,33.046,15.398,0.40424
1950.3,0,77.846,31.118,33.091,15.436,0.4048
1950.4,0,77.989,31.172,33.137,15.473,0.40537
1950.5,0,78.135,31.226,33.182,15.51,0.40593
1950.6,0,78.284,31.28,33.228,15.548,0.4065
1950.7,0,78.437,31.334,33.274,15.585,0.40708
1950.8,0,78.593,31.388,33.32,15.623,0.40765
1950.9,0,78.751,31.443,33.366,15.66,0.40823
1951,0,78.913,31.497,33.413,15.698,0.40881
1951.1,0,79.077,31.552,33.46,15.736,0.4094
1951.2,0,79.24,31.606,33.507,15.773,0.40999
1951.3,0,79.404,31.661,33.555,15.811,0.41058
1951.4,0,79.568,31.716,33.603,15.849,0.41118
1951.5,0,79.732,31.771,33.651,15.887,0.41178
1951.6,0,79.896,31.826,33.7,15.925,0.41238
1951.7,0,80.06,31.881,33.748,15.963,0.41298
1951.8,0,80.224,31.937,33.797,16.001,0.41359
1951.9,0,80.389,31.992,33.847,16.039,0.4142
1952,0,80.553,32.048,33.896,16.077,0.41482
1952.1,0,80.718,32.104,33.946,16.115,0.41543
1952.2,0,80.882,32.159,33.996,16.153,0.41606
1952.3,0,81.047,32.215,34.046,16.191,0.41668
1952.4,0,81.211,32.271,34.097,16.23,0.41731
1952.5,0,81.376,32.327,34.148,16.268,0.41793
1952.6,0,81.54,32.384,34.199,16.307,0.41857
1952.7,0,81.705,32.44,34.25,16.345,0.4192
1952.8,0,81.869,32.497,34.302,16.384,0.41984
1952.9,0,82.034,32.553,34.354,16.422,0.42048
1953,0,82.198,32.61,34.406,16.461,0.42113
1953.1,0,82.363,32.667,34.458,16.5,0.42177
1953.2,0,82.528,32.724,34.51,16.539,0.42242
1953.3,0,82.693,32.781,34.563,16.577,0.42307
1953.4,0,82.859,32.838,34.616,16.616,0.42373
1953.5,0,83.025,32.895,34.669,16.655,0.42439
1953.6,0,83.192,32.953,34.723,16.694,0.42505
1953.7,0,83.359,33.01,34.776,16.734,0.42571
1953.8,0,83.526,33.068,34.83,16.773,0.42638
1953.9,0,83.694,33.126,34.884,16.812,0.42704
1954,0,83.862,33.184,34.939,16.851,0.42772
1954.1,0,84.031,33.242,34.993,16.891,0.42839
1954.2,0,84.202,33.3,35.048,16.93,0.42907
1954.3,0,84.375,33.358,35.103,16.97,0.42975
1954.4,0,84.55,33.416,35.158,17.009,0.43043
1954.5,0,84.726,33.475,35.213,17.049,0.43111
1954.6,0,84.904,33.534,35.269,17.089,0.4318
1954.7,0,85.084,33.592,35.325,17.129,0.43249
1954.8,0,85.266,33.651,35.381,17.169,0.43319
1954.9,0,85.449,33.71,35.438,17.209,0.43389
1955,0,85.634,33.769,35.495,17.249,0.43459
1955.1,0,85.821,33.829,35.552,17.289,0.43529
1955.2,0,86.009,33.888,35.609,17.329,0.436
1955.3,0,86.198,33.947,35.667,17.369,0.43671
1955.4,0,86.39,34.007,35.724,17.41,0.43743
1955.5,0,86.582,34.067,35.783,17.45,0.43814
1955.6,0,86.776,34.127,35.841,17.491,0.43887
1955.7,0,86.971,34.187,35.9,17.531,0.43959
1955.8,0,87.168,34.247,35.959,17.572,0.44032
1955.9,0,87.366,34.307,36.018,17.613,0.44105
1956,0,87.566,34.368,36.078,17.653,0.44179
1956.1,0,87.766,34.429,36.138,17.694,0.44253
1956.2,0,87.968,34.489,36.198,17.735,0.44328
1956.3,0,88.17,34.55,36.259,17.776,0.44402
1956.4,0,88.373,34.611,36.32,17.818,0.44478
1956.5,0,88.576,34.672,36.381,17.859,0.44553
1956.6,0,88.78,34.734,36.443,17.9,0.44629
1956.7,0,88.985,34.795,36.505,17.942,0.44705
1956.8,0,89.19,34.857,36.567,17.983,0.44782
1956.9,0,89.397,34.919,36.629,18.025,0.44859
1957,0,89.604,34.981,36.692,18.067,0.44937
1957.1,0,89.811,35.043,36.755,18.108,0.45014
1957.2,0,90.019,35.105,36.818,18.15,0.45093
1957.3,0,90.228,35.167,36.882,18.192,0.45171
1957.4,0,90.437,35.23,36.946,18.234,0.4525
1957.5,0,90.647,35.292,37.01,18.277,0.45329
1957.6,0,90.857,35.355,37.075,18.319,0.45409
1957.7,0,91.068,35.418,37.14,18.361,0.45489
1957.8,0,91.28,35.481,37.205,18.404,0.4557
1957.9,0,91.492,35.544,37.271,18.446,0.4565
1958,0,91.704,35.608,37.336,18.489,0.45731
1958.1,0,91.917,35.671,37.403,18.532,0.45813
1958.2,0,92.129,35.735,37.469,18.575,0.45895
1958.3,0,92.341,35.799,37.536,18.618,0.45977
1958.4,0,92.552,35.863,37.602,18.661,0.4606
1958.5,0,92.763,35.927,37.67,18.704,0.46143
1958.6,0,92.973,35.991,37.737,18.747,0.46226
1958.7,0,93.182,36.056,37.805,18.79,0.4631
1958.8,0,93.391,36.12,37.873,18.834,0.46393
1958.9,0,93.6,36.185,37.941,18.878,0.46478
1959,0,93.808,36.25,38.009,18.921,0.46562
1959.1,0,94.016,36.315,38.078,18.965,0.46647
1959.2,0,94.225,36.38,38.147,19.009,0.46732
1959.3,0,94.434,36.446,38.216,19.053,0.46818
1959.4,0,94.644,36.511,38.285,19.097,0.46904
1959.5,0,94.855,36.577,38.355,19.141,0.4699
1959.6,0,95.066,36.642,38.425,19.186,0.47076
1959.7,0,95.277,36.708,38.495,19.23,0.47163
1959.8,0,95.489,36.774,38.565,19.275,0.4725
1959.9,0,95.702,36.841,38.636,19.319,0.47337
1960,0,95.915,36.907,38.707,19.364,0.47425
1960.1,0,96.128,36.973,38.777,19.409,0.47512
1960.2,0,96.342,37.04,38.849,19.454,0.47601
1960.3,0,96.557,37.107,38.92,19.499,0.47689
1960.4,0,96.771,37.174,38.992,19.544,0.47778
1960.5,0,96.987,37.241,39.064,19.59,0.47867
1960.6,0,97.202,37.308,39.136,19.635,0.47956
1960.7,0,97.418,37.376,39.208,19.681,0.48046
1960.8,0,97.635,37.443,39.281,19.726,0.48136
1960.9,0,97.851,37.511,39.353,19.772,0.48226
1961,0,98.069,37.579,39.426,19.818,0.48317
1961.1,0,98.286,37.647,39.5,19.864,0.48408
1961.2,0,98.505,37.715,39.573,19.91,0.48499
1961.3,0,98.723,37.783,39.647,19.956,0.48591
1961.4,0,98.943,37.852,39.72,20.002,0.48682
1961.5,0,99.162,37.921,39.795,20.049,0.48774
1961.6,0,99.383,37.989,39.869,20.095,0.48867
1961.7,0,99.604,38.058,39.943,20.142,0.48959
1961.8,0,99.825,38.127,40.018,20.189,0.49052
1961.9,0,100.05,38.197,40.093,20.236,0.49145
1962,0,100.27,38.266,40.168,20.283,0.49239
1962.1,0,100.49,38.336,40.244,20.33,0.49333
1962.2,0,100.72,38.405,40.319,20.377,0.49427
1962.3,0,100.94,38.475,40.395,20.424,0.49521
1962.4,0,101.17,38.545,40.471,20.472,0.49616
1962.5,0,101.4,38.616,40.547,20.519,0.49711
1962.6,0,101.63,38.686,40.624,20.567,0.49806
1962.7,0,101.86,38.757,40.7,20.615,0.49902
1962.8,0,102.09,38.827,40.777,20.663,0.49998
1962.9,0,102.32,38.898,40.854,20.711,0.50094
1963,0,102.55,38.969,40.932,20.759,0.5019
1963.1,0,102.79,39.04,41.01,20.807,0.50287
1963.2,0,103.02,39.112,41.087,20.856,0.50385
1963.3,0,103.26,39.183,41.166,20.904,0.50482
1963.4,0,103.5,39.255,41.244,20.953,0.5058
1963.5,0,103.74,39.327,41.323,21.002,0.50678
1963.6,0,103.98,39.399,41.402,21.05,0.50777
1963.7,0,104.22,39.471,41.481,21.099,0.50875
1963.8,0,104.46,39.543,41.56,21.149,0.50975
1963.9,0,104.71,39.616,41.64,21.198,0.51074
1964,0,104.95,39.689,41.72,21.247,0.51174
1964.1,0,105.2,39.761,41.8,21.297,0.51274
1964.2,0,105.45,39.835,41.88,21.346,0.51375
1964.3,0,105.7,39.908,41.961,21.396,0.51476
1964.4,0,105.94,39.981,42.042,21.446,0.51577
1964.5,0,106.19,40.055,42.123,21.496,0.51678
1964.6,0,106.45,40.129,42.205,21.546,0.5178
1964.7,0,106.7,40.202,42.287,21.596,0.51883
1964.8,0,106.95,40.277,42.369,21.646,0.51985
1964.9,0,107.21,40.351,42.451,21.697,0.52089
1965,0,107.46,40.425,42.534,21.747,0.52192
1965.1,0,107.72,40.5,42.617,21.798,0.52296
1965.2,0,107.97,40.575,42.7,21.849,0.524
1965.3,0,108.23,40.65,42.783,21.9,0.52504
1965.4,0,108.49,40.725,42.867,21.951,0.52609
1965.5,0,108.75,40.801,42.951,22.002,0.52714
1965.6,0,109.02,40.876,43.035,22.054,0.5282
1965.7,0,109.28,40.952,43.12,22.105,0.52926
1965.8,0,109.55,41.028,43.205,22.157,0.53032
1965.9,0,109.81,41.104,43.29,22.208,0.53139
1966,0,110.08,41.18,43.375,22.26,0.53246
1966.1,0,110.35,41.257,43.461,22.312,0.53354
1966.2,0,110.62,41.334,43.547,22.364,0.53462
1966.3,0,110.89,41.41,43.633,22.417,0.5357
1966.4,0,111.16,41.488,43.72,22.469,0.53679
1966.5,0,111.43,41.565,43.807,22.522,0.53788
1966.6,0,111.7,41.642,43.894,22.574,0.53897
1966.7,0,111.98,41.72,43.982,22.627,0.54007
1966.8,0,112.25,41.798,44.07,22.68,0.54117
1966.9,0,112.52,41.876,44.158,22.733,0.54228
1967,0,112.79,41.954,44.246,22.786,0.54339
1967.1,0,113.07,42.033,44.335,22.84,0.5445
1967.2,0,113.34,42.111,44.424,22.893,0.54562
1967.3,0,113.62,42.19,44.513,22.947,0.54674
1967.4,0,113.89,42.269,44.602,23,0.54787
1967.5,0,114.17,42.348,44.692,23.054,0.549
1967.6,0,114.45,42.428,44.782,23.108,0.55013
1967.7,0,114.72,42.507,44.872,23.162,0.55126
1967.8,0,115,42.587,44.963,23.217,0.5524
1967.9,0,115.28,42.667,45.054,23.271,0.55355
1968,0,115.55,42.747,45.145,23.326,0.55469
1968.1,0,115.83,42.828,45.236,23.38,0.55584
1968.2,0,116.11,42.908,45.328,23.435,0.557
1968.3,0,116.4,42.989,45.42,23.49,0.55816
1968.4,0,116.68,43.07,45.512,23.545,0.55932
1968.5,0,116.97,43.151,45.605,23.601,0.56048
1968.6,0,117.25,43.233,45.697,23.656,0.56165
1968.7,0,117.54,43.314,45.79,23.711,0.56283
1968.8,0,117.83,43.396,45.884,23.767,0.564
1968.9,0,118.12,43.478,45.977,23.823,0.56518
1969,0,118.42,43.56,46.071,23.879,0.56637
1969.1,0,118.71,43.643,46.165,23.935,0.56756
1969.2,0,119.01,43.725,46.26,23.991,0.56875
1969.3,0,119.3,43.808,46.355,24.048,0.56995
1969.4,0,119.6,43.891,46.45,24.104,0.57115
1969.5,0,119.91,43.975,46.545,24.161,0.57235
1969.6,0,120.21,44.058,46.641,24.218,0.57356
1969.7,0,120.51,44.142,46.737,24.275,0.57478
1969.8,0,120.82,44.226,46.834,24.332,0.57599
1969.9,0,121.13,44.31,46.93,24.389,0.57722
1970,0,121.44,44.394,47.028,24.446,0.57844
1970.1,0,121.75,44.479,47.125,24.504,0.57967
1970.2,0,122.05,44.563,47.223,24.562,0.58091
1970.3,0,122.36,44.648,47.321,24.619,0.58215
1970.4,0,122.67,44.734,47.419,24.677,0.58339
1970.5,0,122.98,44.819,47.518,24.736,0.58464
1970.6,0,123.29,44.905,47.617,24.794,0.58589
1970.7,0,123.59,44.991,47.716,24.852,0.58715
1970.8,0,123.9,45.077,47.815,24.911,0.58841
1970.9,0,124.2,45.163,47.915,24.97,0.58967
1971,0,124.51,45.25,48.015,25.028,0.59094
1971.1,0,124.81,45.336,48.116,25.087,0.59221
1971.2,0,125.12,45.423,48.216,25.147,0.59349
1971.3,0,125.42,45.511,48.317,25.206,0.59477
1971.4,0,125.73,45.598,48.418,25.265,0.59605
1971.5,0,126.04,45.686,48.52,25.325,0.59733
1971.6,0,126.35,45.773,48.621,25.385,0.59862
1971.7,0,126.66,45.861,48.723,25.445,0.59992
1971.8,0,126.97,45.95,48.825,25.505,0.60121
1971.9,0,127.28,46.038,48.928,25.565,0.60251
1972,0,127.59,46.127,49.03,25.626,0.60382
1972.1,0,127.9,46.216,49.133,25.686,0.60512
1972.2,0,128.21,46.305,49.236,25.747,0.60644
1972.3,0,128.53,46.394,49.34,25.808,0.60775
1972.4,0,128.85,46.484,49.443,25.869,0.60907
1972.5,0,129.17,46.574,49.547,25.93,0.61039
1972.6,0,129.49,46.664,49.652,25.991,0.61172
1972.7,0,129.81,46.754,49.756,26.052,0.61305
1972.8,0,130.13,46.845,49.861,26.114,0.61438
1972.9,0,130.46,46.935,49.966,26.176,0.61572
1973,0,130.79,47.026,50.072,26.238,0.61707
1973.1,0,131.11,47.117,50.177,26.3,0.61841
1973.2,0,131.44,47.209,50.283,26.362,0.61976
1973.3,0,131.77,47.301,50.39,26.424,0.62112
1973.4,0,132.09,47.392,50.496,26.487,0.62248
1973.5,0,132.42,47.485,50.603,26.55,0.62384
1973.6,0,132.74,47.577,50.71,26.612,0.6252
1973.7,0,133.07,47.67,50.817,26.675,0.62657
1973.8,0,133.39,47.762,50.925,26.738,0.62795
1973.9,0,133.71,47.855,51.033,26.802,0.62932
1974,0,134.04,47.949,51.141,26.865,0.6307
1974.1,0,134.36,48.042,51.249,26.929,0.63209
1974.2,0,134.68,48.136,51.357,26.993,0.63347
1974.3,0,135,48.23,51.466,27.056,0.63486
1974.4,0,135.32,48.324,51.575,27.12,0.63626
1974.5,0,135.64,48.418,51.684,27.185,0.63765
1974.6,0,135.96,48.513,51.793,27.249,0.63905
1974.7,0,136.27,48.608,51.903,27.314,0.64045
1974.8,0,136.59,48.703,52.012,27.378,0.64186
1974.9,0,136.9,48.798,52.122,27.443,0.64326
1975,0,137.22,48.894,52.232,27.508,0.64467
1975.1,0,137.53,48.99,52.342,27.573,0.64609
1975.2,0,137.85,49.085,52.453,27.638,0.6475
1975.3,0,138.17,49.182,52.563,27.704,0.64892
1975.4,0,138.49,49.278,52.674,27.77,0.65034
1975.5,0,138.82,49.375,52.785,27.835,0.65176
1975.6,0,139.15,49.472,52.896,27.901,0.65319
1975.7,0,139.48,49.569,53.007,27.967,0.65462
1975.8,0,139.81,49.666,53.118,28.033,0.65605
1975.9,0,140.15,49.764,53.23,28.1,0.65749
1976,0,140.49,49.861,53.342,28.166,0.65893
1976.1,0,140.83,49.959,53.454,28.233,0.66038
1976.2,0,141.17,50.058,53.567,28.3,0.66182
1976.3,0,141.52,50.156,53.68,28.367,0.66328
1976.4,0,141.86,50.255,53.793,28.434,0.66473
1976.5,0,142.21,50.354,53.906,28.501,0.66619
1976.6,0,142.55,50.453,54.019,28.568,0.66765
1976.7,0,142.9,50.553,54.133,28.636,0.66912
1976.8,0,143.25,50.653,54.247,28.704,0.67059
1976.9,0,143.6,50.753,54.361,28.771,0.67206
1977,0,143.94,50.853,54.476,28.839,0.67354
1977.1,0,144.29,50.953,54.59,28.908,0.67502
1977.2,0,144.64,51.054,54.705,28.976,0.6765
1977.3,0,144.99,51.155,54.821,29.044,0.67799
1977.4,0,145.34,51.256,54.936,29.113,0.67948
1977.5,0,145.69,51.358,55.052,29.182,0.68098
1977.6,0,146.04,51.46,55.168,29.251,0.68247
1977.7,0,146.39,51.562,55.284,29.32,0.68398
1977.8,0,146.74,51.664,55.4,29.389,0.68548
1977.9,0,147.09,51.766,55.517,29.458,0.68699
1978,0,147.44,51.869,55.634,29.528,0.6885
1978.1,0,147.79,51.972,55.751,29.597,0.69002
1978.2,0,148.14,52.075,55.868,29.667,0.69153
1978.3,0,148.5,52.179,55.986,29.737,0.69306
1978.4,0,148.85,52.283,56.104,29.807,0.69458
1978.5,0,149.21,52.387,56.221,29.878,0.69611
1978.6,0,149.57,52.491,56.34,29.948,0.69764
1978.7,0,149.93,52.595,56.458,30.019,0.69918
1978.8,0,150.3,52.7,56.577,30.089,0.70072
1978.9,0,150.66,52.805,56.696,30.16,0.70226
1979,0,151.03,52.91,56.815,30.231,0.70381
1979.1,0,151.4,53.016,56.934,30.302,0.70536
1979.2,0,151.76,53.122,57.054,30.374,0.70691
1979.3,0,152.13,53.228,57.174,30.445,0.70847
1979.4,0,152.49,53.334,57.294,30.517,0.71003
1979.5,0,152.85,53.44,57.415,30.589,0.7116
1979.6,0,153.21,53.547,57.535,30.661,0.71316
1979.7,0,153.57,53.654,57.656,30.733,0.71473
1979.8,0,153.92,53.762,57.777,30.805,0.71631
1979.9,0,154.28,53.869,57.898,30.877,0.71788
1980,0,154.63,53.977,58.02,30.95,0.71946
1980.1,0,154.98,54.085,58.141,31.022,0.72105
1980.2,0,155.33,54.193,58.263,31.095,0.72263
1980.3,0,155.68,54.302,58.384,31.168,0.72422
1980.4,0,156.02,54.411,58.506,31.241,0.72581
1980.5,0,156.37,54.52,58.628,31.315,0.7274
1980.6,0,156.71,54.629,58.75,31.388,0.72899
1980.7,0,157.05,54.738,58.872,31.462,0.73058
1980.8,0,157.39,54.848,58.995,31.535,0.73218
1980.9,0,157.72,54.958,59.117,31.609,0.73378
1981,0,158.06,55.068,59.239,31.683,0.73538
1981.1,0,158.39,55.179,59.362,31.757,0.73698
1981.2,0,158.73,55.29,59.484,31.831,0.73858
1981.3,0,159.06,55.4,59.607,31.906,0.74019
1981.4,0,159.4,55.512,59.729,31.98,0.74179
1981.5,0,159.74,55.623,59.852,32.055,0.7434
1981.6,0,160.08,55.735,59.975,32.13,0.74501
1981.7,0,160.42,55.847,60.097,32.205,0.74662
1981.8,0,160.76,55.959,60.22,32.28,0.74823
1981.9,0,161.1,56.071,60.343,32.355,0.74985
1982,0,161.45,56.184,60.466,32.431,0.75146
1982.1,0,161.79,56.296,60.589,32.506,0.75308
1982.2,0,162.13,56.409,60.712,32.582,0.7547
1982.3,0,162.48,56.523,60.836,32.657,0.75632
1982.4,0,162.82,56.636,60.959,32.733,0.75794
1982.5,0,163.17,56.75,61.082,32.809,0.75956
1982.6,0,163.51,56.864,61.206,32.886,0.76119
1982.7,0,163.85,56.978,61.329,32.962,0.76282
1982.8,0,164.2,57.093,61.453,33.038,0.76445
1982.9,0,164.54,57.208,61.577,33.115,0.76608
1983,0,164.88,57.323,61.7,33.192,0.76771
1983.1,0,165.23,57.438,61.824,33.268,0.76934
1983.2,0,165.57,57.553,61.948,33.345,0.77098
1983.3,0,165.92,57.669,62.072,33.422,0.77261
1983.4,0,166.27,57.785,62.196,33.5,0.77425
1983.5,0,166.62,57.901,62.32,33.577,0.77589
1983.6,0,166.98,58.018,62.444,33.654,0.77753
1983.7,0,167.33,58.135,62.568,33.732,0.77918
1983.8,0,167.69,58.252,62.693,33.81,0.78082
1983.9,0,168.05,58.369,62.817,33.888,0.78247
1984,0,168.41,58.486,62.942,33.965,0.78412
1984.1,0,168.77,58.604,63.067,34.044,0.78577
1984.2,0,169.13,58.722,63.192,34.122,0.78742
1984.3,0,169.5,58.84,63.317,34.2,0.78908
1984.4,0,169.86,58.959,63.442,34.278,0.79074
1984.5,0,170.23,59.077,63.567,34.357,0.7924
1984.6,0,170.6,59.196,63.692,34.436,0.79406
1984.7,0,170.97,59.316,63.818,34.514,0.79573
1984.8,0,171.34,59.435,63.944,34.593,0.7974
1984.9,0,171.71,59.555,64.07,34.672,0.79907
1985,0,172.09,59.675,64.196,34.752,0.80074
1985.1,0,172.46,59.795,64.322,34.831,0.80242
1985.2,0,172.84,59.916,64.448,34.91,0.80409
1985.3,0,173.22,60.037,64.574,34.99,0.80578
1985.4,0,173.6,60.158,64.701,35.069,0.80746
1985.5,0,173.98,60.279,64.828,35.149,0.80914
1985.6,0,174.36,60.401,64.955,35.229,0.81083
1985.7,0,174.74,60.523,65.082,35.309,0.81252
1985.8,0,175.13,60.645,65.209,35.389,0.81422
1985.9,0,175.51,60.767,65.337,35.469,0.81592
1986,0,175.9,60.89,65.464,35.55,0.81762
1986.1,0,176.29,61.013,65.592,35.63,0.81932
1986.2,0,176.68,61.136,65.72,35.711,0.82102
1986.3,0,177.07,61.26,65.849,35.791,0.82273
1986.4,0,177.46,61.384,65.977,35.872,0.82444
1986.5,0,177.85,61.508,66.105,35.953,0.82616
1986.6,0,178.24,61.632,66.234,36.034,0.82787
1986.7,0,178.63,61.757,66.363,36.115,0.82959
1986.8,0,179.03,61.882,66.492,36.197,0.83132
1986.9,0,179.42,62.007,66.622,36.278,0.83304
1987,0,179.82,62.132,66.751,36.359,0.83477
1987.1,0,180.22,62.258,66.881,36.441,0.8365
1987.2,0,180.62,62.384,67.011,36.523,0.83824
1987.3,0,181.02,62.51,67.141,36.605,0.83998
1987.4,0,181.42,62.637,67.271,36.687,0.84172
1987.5,0,181.83,62.764,67.401,36.769,0.84346
1987.6,0,182.23,62.891,67.532,36.851,0.84521
1987.7,0,182.64,63.018,67.663,36.933,0.84696
1987.8,0,183.05,63.146,67.794,37.016,0.84871
1987.9,0,183.46,63.274,67.925,37.098,0.85047
1988,0,183.88,63.402,68.057,37.181,0.85223
1988.1,0,184.29,63.531,68.189,37.263,0.85399
1988.2,0,184.71,63.66,68.321,37.346,0.85576
1988.3,0,185.13,63.789,68.453,37.429,0.85753
1988.4,0,185.54,63.919,68.585,37.512,0.85931
1988.5,0,185.96,64.048,68.718,37.596,0.86108
1988.6,0,186.38,64.179,68.851,37.679,0.86287
1988.7,0,186.8,64.309,68.984,37.762,0.86465
1988.8,0,187.22,64.44,69.118,37.846,0.86644
1988.9,0,187.64,64.571,69.251,37.93,0.86823
1989,0,188.06,64.702,69.385,38.013,0.87002
1989.1,0,188.48,64.833,69.519,38.097,0.87182
1989.2,0,188.9,64.965,69.653,38.181,0.87362
1989.3,0,189.33,65.097,69.788,38.265,0.87543
1989.4,0,189.75,65.23,69.922,38.35,0.87724
1989.5,0,190.17,65.362,70.057,38.434,0.87905
1989.6,0,190.58,65.496,70.192,38.518,0.88086
1989.7,0,191,65.629,70.327,38.603,0.88268
1989.8,0,191.42,65.762,70.463,38.688,0.8845
1989.9,0,191.84,65.896,70.598,38.772,0.88632
1990,0,192.26,66.031,70.734,38.857,0.88815
1990.1,0,192.67,66.165,70.87,38.942,0.88998
1990.2,0,193.09,66.3,71.006,39.028,0.89181
1990.3,0,193.51,66.435,71.142,39.113,0.89364
1990.4,0,193.93,66.57,71.278,39.198,0.89548
1990.5,0,194.35,66.706,71.415,39.284,0.89732
1990.6,0,194.77,66.842,71.551,39.369,0.89916
1990.7,0,195.19,66.978,71.688,39.455,0.90101
1990.8,0,195.61,67.115,71.825,39.541,0.90286
1990.9,0,196.04,67.252,71.962,39.626,0.90471
1991,0,196.46,67.389,72.1,39.712,0.90656
1991.1,0,196.89,67.526,72.237,39.799,0.90842
1991.2,0,197.31,67.664,72.375,39.885,0.91028
1991.3,0,197.73,67.802,72.513,39.971,0.91214
1991.4,0,198.14,67.94,72.651,40.058,0.914
1991.5,0,198.56,68.079,72.789,40.144,0.91587
1991.6,0,198.97,68.218,72.927,40.231,0.91774
1991.7,0,199.38,68.357,73.065,40.317,0.91961
1991.8,0,199.79,68.497,73.203,40.404,0.92148
1991.9,0,200.19,68.636,73.341,40.491,0.92336
1992,0,200.6,68.777,73.48,40.578,0.92523
1992.1,0,201,68.917,73.618,40.665,0.92711
1992.2,0,201.4,69.057,73.757,40.753,0.92899
1992.3,0,201.8,69.198,73.895,40.84,0.93087
1992.4,0,202.2,69.34,74.034,40.927,0.93275
1992.5,0,202.6,69.481,74.172,41.015,0.93463
1992.6,0,203,69.623,74.311,41.103,0.93651
1992.7,0,203.4,69.765,74.45,41.19,0.9384
1992.8,0,203.8,69.907,74.588,41.278,0.94028
1992.9,0,204.2,70.05,74.727,41.366,0.94217
1993,0,204.59,70.192,74.866,41.454,0.94406
1993.1,0,204.99,70.336,75.004,41.542,0.94595
1993.2,0,205.39,70.479,75.143,41.631,0.94784
1993.3,0,205.79,70.623,75.282,41.719,0.94973
1993.4,0,206.18,70.767,75.42,41.807,0.95162
1993.5,0,206.58,70.911,75.559,41.896,0.95351
1993.6,0,206.98,71.055,75.698,41.984,0.9554
1993.7,0,207.38,71.2,75.837,42.073,0.9573
1993.8,0,207.78,71.345,75.975,42.162,0.95919
1993.9,0,208.18,71.491,76.114,42.251,0.96109
1994,0,208.59,71.636,76.253,42.34,0.96299
1994.1,0,208.99,71.782,76.392,42.429,0.96489
1994.2,0,209.39,71.928,76.531,42.518,0.96679
1994.3,0,209.79,72.075,76.669,42.607,0.96869
1994.4,0,210.2,72.222,76.808,42.696,0.97059
1994.5,0,210.6,72.369,76.947,42.785,0.97249
1994.6,0,211.01,72.516,77.086,42.875,0.9744
1994.7,0,211.42,72.663,77.225,42.964,0.9763
1994.8,0,211.82,72.811,77.364,43.054,0.97821
1994.9,0,212.23,72.959,77.503,43.144,0.98012
1995,0,212.64,73.108,77.642,43.233,0.98203
1995.1,0,213.05,73.257,77.781,43.323,0.98394
1995.2,0,213.46,73.406,77.92,43.413,0.98585
1995.3,0,213.87,73.555,78.059,43.503,0.98776
1995.4,0,214.28,73.705,78.199,43.593,0.98968
1995.5,0,214.7,73.854,78.338,43.683,0.99159
1995.6,0,215.11,74.005,78.477,43.773,0.99351
1995.7,0,215.52,74.155,78.616,43.864,0.99543
1995.8,0,215.94,74.306,78.756,43.954,0.99735
1995.9,0,216.35,74.457,78.895,44.044,0.99927
1996,0,216.77,74.608,79.034,44.135,1.0012
1996.1,0,217.19,74.76,79.174,44.225,1.0031
1996.2,0,217.6,74.912,79.314,44.316,1.005
1996.3,0,218.02,75.064,79.453,44.407,1.007
1996.4,0,218.44,75.216,79.593,44.498,1.0089
1996.5,0,218.86,75.369,79.732,44.588,1.0108
1996.6,0,219.27,75.522,79.872,44.679,1.0127
1996.7,0,219.69,75.675,80.012,44.77,1.0147
1996.8,0,220.11,75.829,80.152,44.861,1.0166
1996.9,0,220.53,75.983,80.291,44.952,1.0185
1997,0,220.95,76.137,80.431,45.043,1.0205
1997.1,0,221.37,76.292,80.571,45.135,1.0224
1997.2,0,221.79,76.447,80.711,45.226,1.0244
1997.3,0,222.21,76.602,80.851,45.317,1.0263
1997.4,0,222.62,76.757,80.991,45.409,1.0282
1997.5,0,223.04,76.913,81.131,45.5,1.0302
1997.6,0,223.46,77.069,81.271,45.592,1.0321
1997.7,0,223.88,77.225,81.412,45.683,1.0341
1997.8,0,224.3,77.382,81.552,45.775,1.036
1997.9,0,224.71,77.538,81.692,45.867,1.038
1998,0,225.13,77.695,81.832,45.958,1.0399
1998.1,0,225.55,77.853,81.972,46.05,1.0419
1998.2,0,225.96,78.011,82.113,46.142,1.0438
1998.3,0,226.38,78.169,82.253,46.234,1.0458
1998.4,0,226.79,78.327,82.393,46.326,1.0477
1998.5,0,227.2,78.485,82.533,46.418,1.0497
1998.6,0,227.62,78.644,82.673,46.51,1.0516
1998.7,0,228.03,78.803,82.814,46.602,1.0536
1998.8,0,228.44,78.963,82.954,46.695,1.0555
1998.9,0,228.85,79.123,83.094,46.787,1.0575
1999,0,229.26,79.283,83.234,46.879,1.0594
1999.1,0,229.67,79.443,83.374,46.972,1.0614
1999.2,0,230.08,79.603,83.514,47.064,1.0633
1999.3,0,230.49,79.764,83.655,47.156,1.0653
1999.4,0,230.9,79.925,83.795,47.249,1.0672
1999.5,0,231.31,80.087,83.935,47.342,1.0692
1999.6,0,231.73,80.248,84.075,47.434,1.0712
1999.7,0,232.14,80.41,84.215,47.527,1.0731
1999.8,0,232.56,80.573,84.355,47.619,1.0751
1999.9,0,232.97,80.735,84.495,47.712,1.077
2000,0,233.39,80.898,84.635,47.805,1.079
2000.1,0,233.81,81.061,84.775,47.898,1.081
2000.2,0,234.23,81.225,84.915,47.991,1.0829
2000.3,0,234.65,81.388,85.055,48.084,1.0849
2000.4,0,235.07,81.552,85.195,48.176,1.0868
2000.5,0,235.5,81.717,85.335,48.269,1.0888
2000.6,0,235.92,81.881,85.475,48.362,1.0908
2000.7,0,236.35,82.046,85.615,48.455,1.0927
2000.8,0,236.77,82.211,85.755,48.549,1.0947
2000.9,0,237.2,82.377,85.896,48.642,1.0967
2001,0,237.63,82.543,86.036,48.735,1.0987
2001.1,0,238.06,82.709,86.176,48.828,1.1006
2001.2,0,238.49,82.875,86.316,48.921,1.1026
2001.3,0,238.92,83.042,86.457,49.015,1.1046
2001.4,0,239.36,83.209,86.597,49.108,1.1065
2001.5,0,239.79,83.376,86.737,49.201,1.1085
2001.6,0,240.23,83.544,86.878,49.295,1.1105
2001.7,0,240.67,83.711,87.018,49.388,1.1125
2001.8,0,241.12,83.88,87.159,49.481,1.1145
2001.9,0,241.56,84.048,87.299,49.575,1.1164
2002,0,242.01,84.217,87.44,49.668,1.1184
2002.1,0,242.46,84.386,87.581,49.762,1.1204
2002.2,0,242.91,84.555,87.722,49.856,1.1224
2002.3,0,243.37,84.725,87.863,49.949,1.1244
2002.4,0,243.83,84.895,88.004,50.043,1.1264
2002.5,0,244.29,85.066,88.145,50.136,1.1284
2002.6,0,244.76,85.236,88.287,50.23,1.1304
2002.7,0,245.23,85.407,88.428,50.324,1.1324
2002.8,0,245.7,85.579,88.57,50.418,1.1344
2002.9,0,246.18,85.75,88.712,50.511,1.1364
2003,0,246.65,85.922,88.854,50.605,1.1384
2003.1,0,247.14,86.095,88.996,50.699,1.1404
2003.2,0,247.62,86.267,89.139,50.793,1.1424
2003.3,0,248.11,86.441,89.282,50.887,1.1444
2003.4,0,248.6,86.614,89.424,50.981,1.1465
2003.5,0,249.1,86.788,89.568,51.075,1.1485
2003.6,0,249.6,86.962,89.711,51.169,1.1505
2003.7,0,250.1,87.136,89.854,51.263,1.1525
2003.8,0,250.61,87.311,89.998,51.357,1.1546
2003.9,0,251.11,87.486,90.142,51.451,1.1566
2004,0,251.63,87.661,90.287,51.545,1.1587
2004.1,0,252.14,87.837,90.431,51.639,1.1607
2004.2,0,252.66,88.013,90.576,51.733,1.1628
2004.3,0,253.17,88.19,90.721,51.827,1.1648
2004.4,0,253.69,88.367,90.866,51.922,1.1669
2004.5,0,254.22,88.544,91.012,52.016,1.1689
2004.6,0,254.74,88.722,91.158,52.11,1.171
2004.7,0,255.26,88.9,91.304,52.204,1.1731
2004.8,0,255.79,89.078,91.451,52.299,1.1752
2004.9,0,256.32,89.257,91.598,52.393,1.1772
2005,0,256.84,89.436,91.745,52.488,1.1793
2005.1,0,257.38,89.616,91.892,52.582,1.1814
2005.2,0,257.91,89.796,92.04,52.677,1.1835
2005.3,0,258.44,89.976,92.187,52.771,1.1856
2005.4,0,258.98,90.156,92.336,52.866,1.1877
2005.5,0,259.51,90.337,92.484,52.96,1.1898
2005.6,0,260.05,90.519,92.633,53.055,1.1919
2005.7,0,260.59,90.7,92.782,53.15,1.1941
2005.8,0,261.13,90.883,92.931,53.244,1.1962
2005.9,0,261.67,91.065,93.081,53.339,1.1983
2006,0,262.21,91.248,93.23,53.434,1.2004
2006.1,0,262.76,91.431,93.38,53.529,1.2026
2006.2,0,263.3,91.615,93.531,53.623,1.2047
2006.3,0,263.85,91.799,93.682,53.718,1.2068
2006.4,0,264.4,91.983,93.832,53.813,1.209
2006.5,0,264.95,92.168,93.984,53.908,1.2111
2006.6,0,265.5,92.353,94.135,54.003,1.2133
2006.7,0,266.05,92.539,94.287,54.098,1.2155
2006.8,0,266.6,92.725,94.439,54.193,1.2176
2006.9,0,267.16,92.911,94.591,54.288,1.2198
2007,0,267.71,93.098,94.744,54.383,1.222
2007.1,0,268.27,93.285,94.897,54.479,1.2241
2007.2,0,268.83,93.472,95.05,54.574,1.2263
2007.3,0,269.39,93.66,95.203,54.669,1.2285
2007.4,0,269.95,93.849,95.357,54.764,1.2307
2007.5,0,270.52,94.037,95.511,54.859,1.2329
2007.6,0,271.08,94.226,95.665,54.955,1.2351
2007.7,0,271.65,94.416,95.82,55.05,1.2373
2007.8,0,272.21,94.606,95.975,55.146,1.2395
2007.9,0,272.78,94.796,96.13,55.241,1.2417
2008,0,273.35,94.987,96.285,55.337,1.244
2008.1,0,273.92,95.178,96.441,55.432,1.2462
2008.2,0,274.49,95.369,96.597,55.528,1.2484
2008.3,0,275.07,95.561,96.753,55.623,1.2506
2008.4,0,275.64,95.753,96.909,55.719,1.2529
2008.5,0,276.22,95.946,97.066,55.815,1.2551
2008.6,0,276.8,96.139,97.223,55.91,1.2574
2008.7,0,277.38,96.332,97.38,56.006,1.2596
2008.8,0,277.96,96.526,97.538,56.102,1.2619
2008.9,0,278.54,96.721,97.695,56.198,1.2641
2009,0,279.12,96.915,97.853,56.293,1.2664
2009.1,0,279.71,97.11,98.012,56.389,1.2687
2009.2,0,280.29,97.306,98.17,56.485,1.271
2009.3,0,280.88,97.502,98.329,56.581,1.2732
2009.4,0,281.47,97.698,98.488,56.677,1.2755
2009.5,0,282.06,97.895,98.648,56.773,1.2778
2009.6,0,282.65,98.092,98.807,56.869,1.2801
2009.7,0,283.24,98.29,98.967,56.965,1.2824
2009.8,0,283.83,98.488,99.127,57.062,1.2847
2009.9,0,284.43,98.686,99.288,57.158,1.287
2010,0,285.02,98.885,99.449,57.254,1.2893
2010.1,0,285.62,99.084,99.61,57.35,1.2916
2010.2,0,286.22,99.284,99.771,57.446,1.294
2010.3,0,286.82,99.484,99.932,57.543,1.2963
2010.4,0,287.42,99.684,100.09,57.639,1.2986
2010.5,0,288.02,99.885,100.26,57.735,1.3009
2010.6,0,288.63,100.09,100.42,57.832,1.3033
2010.7,0,289.23,100.29,100.58,57.928,1.3056
2010.8,0,289.84,100.49,100.74,58.025,1.308
2010.9,0,290.45,100.69,100.91,58.121,1.3103
2011,0,291.06,100.9,101.07,58.218,1.3127
2011.1,0,291.67,101.1,101.23,58.315,1.3151
2011.2,0,292.28,101.3,101.4,58.411,1.3174
2011.3,0,292.89,101.51,101.56,58.508,1.3198
2011.4,0,293.51,101.71,101.73,58.605,1.3222
2011.5,0,294.12,101.92,101.89,58.701,1.3246
2011.6,0,294.74,102.12,102.06,58.798,1.3269
2011.7,0,295.36,102.33,102.22,58.895,1.3293
2011.8,0,295.98,102.54,102.39,58.992,1.3317
2011.9,0,296.6,102.74,102.55,59.088,1.3341
2012,0,297.22,102.95,102.72,59.185,1.3365
2012.1,0,297.85,103.16,102.88,59.282,1.3389
2012.2,0,298.47,103.37,103.05,59.379,1.3413
2012.3,0,299.1,103.58,103.22,59.476,1.3438
2012.4,0,299.73,103.78,103.38,59.573,1.3462
2012.5,0,300.36,103.99,103.55,59.67,1.3486
2012.6,0,300.99,104.2,103.72,59.767,1.351
2012.7,0,301.62,104.41,103.89,59.864,1.3535
2012.8,0,302.25,104.63,104.05,59.962,1.3559
2012.9,0,302.89,104.84,104.22,60.059,1.3584
2013,0,303.52,105.05,104.39,60.156,1.3608
2013.1,0,304.16,105.26,104.56,60.253,1.3633
2013.2,0,304.8,105.47,104.73,60.35,1.3657
2013.3,0,305.44,105.69,104.9,60.448,1.3682
2013.4,0,306.08,105.9,105.07,60.545,1.3707
2013.5,0,306.72,106.11,105.24,60.642,1.3731
2013.6,0,307.37,106.33,105.41,60.74,1.3756
2013.7,0,308.01,106.54,105.58,60.837,1.3781
2013.8,0,308.66,106.76,105.75,60.935,1.3806
2013.9,0,309.31,106.97,105.92,61.032,1.3831
2014,0,309.95,107.19,106.09,61.129,1.3856
